"hours","hours/timezone","hours/weekRanges/0/0/close","hours/weekRanges/0/0/open","hours/weekRanges/1/0/close","hours/weekRanges/1/0/open","hours/weekRanges/2/0/close","hours/weekRanges/2/0/open","hours/weekRanges/3/0/close","hours/weekRanges/3/0/open","hours/weekRanges/4/0/close","hours/weekRanges/4/0/open","hours/weekRanges/5/0/close","hours/weekRanges/5/0/open","hours/weekRanges/6/0/close","hours/weekRanges/6/0/open","features/0","features/1","features/2","features/3","features/4","features/5","features/6","features/7","features/8","features/9","features/10","features/11","features/12","features/13","features/14","features/15","features/16","features/17","features/18","features/19","cuisines/0","cuisines/1","cuisines/2","cuisines/3","cuisines/4","cuisines/5","cuisines/6","establishmentTypes/0","establishmentTypes/1","numberOfReviews","website","longitude","image","locationString","rating","addressObj/city","addressObj/country","addressObj/postalcode","addressObj/state","addressObj/street1","addressObj/street2","email","dietaryRestrictions/0","dietaryRestrictions/1","dietaryRestrictions/2","dietaryRestrictions/3","dietaryRestrictions/4","dietaryRestrictions/5","type","rankingDenominator","localAddress","phone","priceLevel","isLongClosed","subcategories/0","ownersTopReasons","rankingPosition","localName","dishes/0","dishes/1","openNowText","rankingString","priceRange","id","address","name","menuWebUrl","photoCount","webUrl","ancestorLocations/0/abbreviation","ancestorLocations/0/id","ancestorLocations/0/name","ancestorLocations/0/subcategory","ancestorLocations/1/abbreviation","ancestorLocations/1/id","ancestorLocations/1/name","ancestorLocations/1/subcategory","ancestorLocations/2/abbreviation","ancestorLocations/2/id","ancestorLocations/2/name","ancestorLocations/2/subcategory","mealTypes/0","mealTypes/1","mealTypes/2","mealTypes/3","mealTypes/4","mealTypes/5","ratingHistogram/count1","ratingHistogram/count2","ratingHistogram/count3","ratingHistogram/count4","ratingHistogram/count5","isClosed","category"
,,,,,,,,,,,,,,,,"Delivery","Takeout","Reservations","Seating","Serves Alcohol","Outdoor Seating","Table Service",,,,,,,,,,,,,,"Indian","International","Vegetarian Friendly","Vegan Options",,,,"Restaurants",,"51",,"35.28418","https://media-cdn.tripadvisor.com/media/photo-s/03/2d/6b/ea/front-entrance-to-restaurant.jpg","Eldoret, Rift Valley Province","3.5","Eldoret","Kenya",,,"Rumogi St.",,,"Lunch","Dinner",,,,,"RESTAURANT","27",,"+254 731 363737","$$ - $$$","false","Sit down",,"5","",,,,"#5 of 35 places to eat in Eldoret",,"3604436","Rumogi St., Eldoret Kenya","Mamma Mias Restaurant",,"11","https://www.tripadvisor.com/Restaurant_Review-g681265-d3604436-Reviews-Mamma_Mias_Restaurant-Eldoret_Rift_Valley_Province.html",,"681265","Eldoret","City",,"2697619","Rift Valley Province","Province",,"294206","Kenya","Country","Lunch","Dinner",,,,,"1","4","12","24","10","false","restaurant"
,,,,,,,,,,,,,,,,"Seating","Wheelchair Accessible","Table Service",,,,,,,,,,,,,,,,,,"Cafe",,,,,,,"Restaurants",,"17","https://www.javahouseafrica.com/find-a-store/","35.290993","https://media-cdn.tripadvisor.com/media/photo-s/28/09/76/41/caption.jpg","Eldoret, Rift Valley Province","4","Eldoret","Kenya",,,"Eldoret-Malaba Rd","Rupa’s Mall","coffeesales@javahouseafrica.com","Breakfast",,,,,,"RESTAURANT","27",,"+254 792 322378",,"false",,,"7","","Burger",,,"#7 of 35 places to eat in Eldoret",,"12981993","Eldoret-Malaba Rd Rupa’s Mall, Eldoret Kenya","Java House",,"3","https://www.tripadvisor.com/Restaurant_Review-g681265-d12981993-Reviews-Java_House-Eldoret_Rift_Valley_Province.html",,"681265","Eldoret","City",,"2697619","Rift Valley Province","Province",,"294206","Kenya","Country","Breakfast",,,,,,"0","2","2","7","6","false","restaurant"
,"Africa/Nairobi","1440","600","1440","600","1440","600","1440","600","1440","600","1440","600","1440","600","Full Bar","Takeout","Seating","Television","Serves Alcohol","Accepts American Express","Accepts Mastercard","Accepts Visa","Digital Payments","Free Wifi","Table Service","Reservations",,,,,,,,,"Irish","Bar","Pub","Vegetarian Friendly",,,,"Restaurants",,"65","http://www.thewell.co.ke/","35.27432","https://media-cdn.tripadvisor.com/media/photo-o/0c/ea/da/56/20160830-143531-largejpg.jpg","Eldoret, Rift Valley Province","4","Eldoret","Kenya","30100",,"Cheruiyot Street","Saito Centre 1st Floor","info@thewell.co.ke","Lunch","Dinner","Breakfast","Late Night",,,"RESTAURANT","27",,"+254 756 207207","$$ - $$$","false","Sit down",,"3","","Fish",,"Open Now","#3 of 35 places to eat in Eldoret","KES 296 - KES 889","3675400","Cheruiyot Street Saito Centre 1st Floor, Eldoret 30100 Kenya","The Well Irish Pub & Restaurant","http://thewell.co.ke/menu","18","https://www.tripadvisor.com/Restaurant_Review-g681265-d3675400-Reviews-The_Well_Irish_Pub_Restaurant-Eldoret_Rift_Valley_Province.html",,"681265","Eldoret","City",,"2697619","Rift Valley Province","Province",,"294206","Kenya","Country","Lunch","Dinner","Breakfast","Late Night",,,"4","5","7","15","34","false","restaurant"
,,,,,,,,,,,,,,,,"Takeout","Reservations","Delivery","Seating",,,,,,,,,,,,,,,,,"Chinese","Asian",,,,,,"Restaurants",,"20",,"35.27797","https://media-cdn.tripadvisor.com/media/photo-w/28/18/55/aa/caption.jpg","Eldoret, Rift Valley Province","4","Eldoret","Kenya",,,"Ronald Ngala Street",,,"Lunch","Dinner",,,,,"RESTAURANT","27",,"+254 723 647529","$$ - $$$","false",,,"6","","Beef",,,"#6 of 35 places to eat in Eldoret",,"8737142","Ronald Ngala Street, Eldoret Kenya","Siam Restaurant",,"1","https://www.tripadvisor.com/Restaurant_Review-g681265-d8737142-Reviews-Siam_Restaurant-Eldoret_Rift_Valley_Province.html",,"681265","Eldoret","City",,"2697619","Rift Valley Province","Province",,"294206","Kenya","Country","Lunch","Dinner",,,,,"0","0","3","11","6","false","restaurant"
,"Africa/Nairobi","1290","660","1260","660","1290","660","1290","660","1290","660","1290","660","1290","660",,,,,,,,,,,,,,,,,,,,,"African","Barbecue","Diner",,,,,"Restaurants",,"4","https://farmgrill.business.site/?utm_source=gmb&utm_medium=referral","35.265347","https://media-cdn.tripadvisor.com/media/photo-m/1280/21/b4/99/93/the-farmgrill-highlands.jpg","Eldoret, Rift Valley Province","4.5","Eldoret","Kenya",,,"Malaba Road","Highlands Mall","restaurant@makongifarm.com","Lunch","Dinner",,,,,"RESTAURANT","27",,"+254 796 548252",,"false",,,"11","",,,"Open Now","#11 of 35 places to eat in Eldoret",,"23769377","Malaba Road Highlands Mall, Eldoret Kenya","The Farmgrill",,"5","https://www.tripadvisor.com/Restaurant_Review-g681265-d23769377-Reviews-The_Farmgrill-Eldoret_Rift_Valley_Province.html",,"681265","Eldoret","City",,"2697619","Rift Valley Province","Province",,"294206","Kenya","Country","Lunch","Dinner",,,,,"0","0","1","0","3","false","restaurant"
,,,,,,,,,,,,,,,,"Takeout","Reservations","Seating","Serves Alcohol","Full Bar",,,,,,,,,,,,,,,,"Indian","Asian","Vegetarian Friendly","Vegan Options","Gluten Free Options",,,"Restaurants",,"91",,"35.274445","https://media-cdn.tripadvisor.com/media/photo-o/0d/ad/9c/05/20161120-144334-largejpg.jpg","Eldoret, Rift Valley Province","4.5","Eldoret","Kenya",,,"Kenyatta St",,"kimutaiphilip@yahoo.com","Lunch","Dinner","Brunch",,,,"RESTAURANT","27",,"+254 720 554747","$$ - $$$","false","Sit down",,"1","",,,,"#1 of 35 places to eat in Eldoret",,"3854188","Kenyatta St, Eldoret Kenya","Sunjeel Food Palace",,"10","https://www.tripadvisor.com/Restaurant_Review-g681265-d3854188-Reviews-Sunjeel_Food_Palace-Eldoret_Rift_Valley_Province.html",,"681265","Eldoret","City",,"2697619","Rift Valley Province","Province",,"294206","Kenya","Country","Lunch","Dinner","Brunch",,,,"0","1","7","40","43","false","restaurant"
,,,,,,,,,,,,,,,,"Buffet","Seating","Parking Available","Free off-street parking","Full Bar","Accepts Mastercard","Accepts Visa","Digital Payments","Free Wifi","Takeout","Reservations","Outdoor Seating","Highchairs Available","Wheelchair Accessible","Serves Alcohol","Accepts Credit Cards","Table Service",,,,"Bar","European","Pub","Vegetarian Friendly","Vegan Options",,,"Restaurants",,"43","http://www.kerioview.com","35.511166","https://media-cdn.tripadvisor.com/media/photo-o/0d/0e/d3/55/barbecue-hut-in-ftony.jpg","Eldoret, Rift Valley Province","4","Eldoret","Kenya","30100",,"Kerio View Road",,"info@kerioview.com","Drinks","Breakfast","Lunch","Dinner",,,"RESTAURANT","27",,"+254 722 781916","$$ - $$$","false","Sit down",,"2","",,,,"#2 of 35 places to eat in Eldoret","KES 593 - KES 2,965","2416916","Kerio View Road, Eldoret 30100 Kenya","Kerio View",,"25","https://www.tripadvisor.com/Restaurant_Review-g681265-d2416916-Reviews-Kerio_View-Eldoret_Rift_Valley_Province.html",,"681265","Eldoret","City",,"2697619","Rift Valley Province","Province",,"294206","Kenya","Country","Drinks","Breakfast","Lunch","Dinner",,,"2","0","7","15","19","false","restaurant"
,,,,,,,,,,,,,,,,"Seating","Highchairs Available","Wheelchair Accessible",,,,,,,,,,,,,,,,,,"African","Bar","Contemporary","Indian","Pub","Vegetarian Friendly",,"Restaurants",,"22","http://64resort.com/","35.285103","https://media-cdn.tripadvisor.com/media/photo-o/13/58/90/60/img-20180321-132654-largejpg.jpg","Eldoret, Rift Valley Province","3.5","Eldoret","Kenya","30100",,"Old Nairobi Road","Aka Plateau Road","relax@64resort.com","Lunch","Dinner","Breakfast",,,,"RESTAURANT","27",,"+254 733 740000","$$ - $$$","false","Fast food",,"8","",,,,"#8 of 35 places to eat in Eldoret","KES 29,647 - KES 177,883","10359516","Old Nairobi Road Aka Plateau Road, Eldoret 30100 Kenya","64 Resort And Sporting Club","http://64resort.com/menu/","6","https://www.tripadvisor.com/Restaurant_Review-g681265-d10359516-Reviews-64_Resort_And_Sporting_Club-Eldoret_Rift_Valley_Province.html",,"681265","Eldoret","City",,"2697619","Rift Valley Province","Province",,"294206","Kenya","Country","Lunch","Dinner","Breakfast",,,,"2","1","3","12","4","false","restaurant"
,"Africa/Nairobi","750","480","1170","480","1170","480","1170","480","1170","480","1170","480","1170","480","Takeout","Delivery","Wheelchair Accessible",,,,,,,,,,,,,,,,,,"Pizza","Fast Food","Vegetarian Friendly","Vegan Options",,,,"Dessert",,"28","http://www.bakerspointkenya.com","35.277752","https://media-cdn.tripadvisor.com/media/photo-m/1280/1a/eb/44/09/great-inhouse-coffee.jpg","Eldoret, Rift Valley Province","4","Eldoret","Kenya","6762",,"Zion Mall, Opposite Barng'tuny Plaza",,"sales@bakerspointkenya.com","Breakfast","Lunch","Dinner","Brunch",,,"RESTAURANT","27",,"+254 723 577000","$$ - $$$","false","Café",,"4","","Burger","Cakes","Closed Now","#4 of 35 places to eat in Eldoret",,"6918439","Zion Mall, Opposite Barng'tuny Plaza, Eldoret 6762 Kenya","Bakers Point","https://www.bakerspointkenya.com/rupas-mall-menu/","28","https://www.tripadvisor.com/Restaurant_Review-g681265-d6918439-Reviews-Bakers_Point-Eldoret_Rift_Valley_Province.html",,"681265","Eldoret","City",,"2697619","Rift Valley Province","Province",,"294206","Kenya","Country","Breakfast","Lunch","Dinner","Brunch",,,"0","0","7","9","12","false","restaurant"
,,,,,,,,,,,,,,,,,,,,,,,,,,,,,,,,,,,,"Cafe","Greek",,,,,,"Coffee & Tea",,"9",,"35.27606","https://media-cdn.tripadvisor.com/media/photo-s/07/70/7a/af/getlstd-property-photo.jpg","Eldoret, Rift Valley Province","4","Eldoret","Kenya",,,"Oginga Odinga",,,,,,,,,"RESTAURANT","27",,"+254 719 434480","$$ - $$$","false","Sit down",,"10","",,,,"#10 of 35 places to eat in Eldoret","KES 296 - KES 741","7759348","Oginga Odinga, Eldoret Kenya","Cleopatra's coldfire",,"17","https://www.tripadvisor.com/Restaurant_Review-g681265-d7759348-Reviews-Cleopatra_s_coldfire-Eldoret_Rift_Valley_Province.html",,"681265","Eldoret","City",,"2697619","Rift Valley Province","Province",,"294206","Kenya","Country",,,,,,,"0","0","2","3","4","false","restaurant"
,,,,,,,,,,,,,,,,"Reservations",,,,,,,,,,,,,,,,,,,,"Indian",,,,,,,"Restaurants",,"7",,"35.26334","https://media-cdn.tripadvisor.com/media/photo-m/1280/18/00/6c/f8/the-restaurant-is-very.jpg","Eldoret, Rift Valley Province","4.5","Eldoret","Kenya",,,"Uhuru St",,,,,,,,,"RESTAURANT","27",,"+254 722 699910","$$ - $$$","false",,,"9","",,,,"#9 of 35 places to eat in Eldoret",,"12226917","Uhuru St, Eldoret Kenya","Sains",,"11","https://www.tripadvisor.com/Restaurant_Review-g681265-d12226917-Reviews-Sains-Eldoret_Rift_Valley_Province.html",,"681265","Eldoret","City",,"2697619","Rift Valley Province","Province",,"294206","Kenya","Country",,,,,,,"0","0","0","3","4","false","restaurant"
,,,,,,,,,,,,,,,,,,,,,,,,,,,,,,,,,,,,"Cafe",,,,,,,"Restaurants",,"6","https://www.bakerspointkenya.com/zion-mall/","35.27797","https://media-cdn.tripadvisor.com/media/photo-w/18/82/37/8e/great-coffee-cake-and.jpg","Eldoret, Rift Valley Province","4.5","Eldoret","Kenya",,,"Zion Mall",,"bakerspointkenya@gmail.com",,,,,,,"RESTAURANT","27",,"+254 723 577000",,"false",,,"12","","Cakes",,,"#12 of 35 places to eat in Eldoret",,"15870613","Zion Mall, Eldoret Kenya","Bakers Point","https://www.bakerspointkenya.com/rupas-mall-menu/","1","https://www.tripadvisor.com/Restaurant_Review-g681265-d15870613-Reviews-Bakers_Point-Eldoret_Rift_Valley_Province.html",,"681265","Eldoret","City",,"2697619","Rift Valley Province","Province",,"294206","Kenya","Country",,,,,,,"0","0","1","2","3","false","restaurant"
,"Africa/Nairobi","1200","510","1200","510","1200","510","1200","510","1200","510","1200","510","1200","510","Takeout","Reservations","Outdoor Seating","Private Dining","Seating","Parking Available","Television","Highchairs Available","Wheelchair Accessible","Serves Alcohol","Full Bar","Wine and Beer","Digital Payments","Free Wifi","Accepts Credit Cards","Table Service","Live Music","Drive Thru","Family style","Sports bars","Steakhouse","Indian","African","Greek","Wine Bar","Cafe","Beer restaurants","Restaurants",,"4","http://wings23restaurant.com",,"https://media-cdn.tripadvisor.com/media/photo-o/1b/fb/4b/24/getlstd-property-photo.jpg","Eldoret, Rift Valley Province","4","Eldoret","Kenya","30100",,"The Daima Towers, 23rd floor",,"info@wings23.com","Breakfast","Lunch","Dinner","Brunch","Late Night","Drinks","RESTAURANT","27",,"+254 742 222327","$$ - $$$","false","Sit down",,"14","",,,"Closed Now","#14 of 35 places to eat in Eldoret","KES 29,647 - KES 444,560","21281651","The Daima Towers, 23rd floor, Eldoret 30100 Kenya","Wings 23 Restaurant & Pub",,"6","https://www.tripadvisor.com/Restaurant_Review-g681265-d21281651-Reviews-Wings_23_Restaurant_Pub-Eldoret_Rift_Valley_Province.html",,"681265","Eldoret","City",,"2697619","Rift Valley Province","Province",,"294206","Kenya","Country","Breakfast","Lunch","Dinner","Brunch","Late Night","Drinks","0","1","0","1","2","false","restaurant"
,"Africa/Nairobi","1439","0","1439","0","1439","0","1439","0","1439","0","1439","0","1439","0","Delivery","Takeout","Parking Available","Street Parking","Wheelchair Accessible","Accepts American Express","Accepts Visa","Cash Only","Free Wifi","Accepts Credit Cards","Drive Thru","Non-smoking restaurants",,,,,,,,,,,,,,,,"Restaurants",,"2","http://www.islandbakers.co.ke","35.27457","https://media-cdn.tripadvisor.com/media/photo-o/1c/bd/71/06/island-bakers-eldoret.jpg","Eldoret, Rift Valley Province","5","Eldoret","Kenya","30100",,"Triq Nofsinhar","Utamaduni House","islandbakers@gmail.com","Breakfast","Lunch","Dinner",,,,"RESTAURANT","27",,"+254 723 027440","$$ - $$$","false",,,"13","",,,"Open Now","#13 of 35 places to eat in Eldoret",,"23221543","Triq Nofsinhar Utamaduni House, Eldoret 30100 Kenya","Island Bakers Eldoret",,"13","https://www.tripadvisor.com/Restaurant_Review-g681265-d23221543-Reviews-Island_Bakers_Eldoret-Eldoret_Rift_Valley_Province.html",,"681265","Eldoret","City",,"2697619","Rift Valley Province","Province",,"294206","Kenya","Country","Breakfast","Lunch","Dinner",,,,"0","0","0","0","2","false","restaurant"
,"Africa/Nairobi","1080","480","1080","480","1080","480","1080","480","1080","480","1080","480","1080","480",,,,,,,,,,,,,,,,,,,,,"Indian",,,,,,,"Restaurants",,"2",,,,"Eldoret, Rift Valley Province","5","Eldoret","Kenya",,,"Kago Street","Biharilal House, near Eldoret-Kitale Road",,"Breakfast","Lunch","Dinner",,,,"RESTAURANT","27",,"+254 729 039099",,"false",,,"16","",,,"Closed Now","#16 of 35 places to eat in Eldoret",,"12839706","Kago Street Biharilal House, near Eldoret-Kitale Road, Eldoret Kenya","Pandits Vegetarian Restaurant",,"0","https://www.tripadvisor.com/Restaurant_Review-g681265-d12839706-Reviews-Pandits_Vegetarian_Restaurant-Eldoret_Rift_Valley_Province.html",,"681265","Eldoret","City",,"2697619","Rift Valley Province","Province",,"294206","Kenya","Country","Breakfast","Lunch","Dinner",,,,"0","0","0","0","2","false","restaurant"
,,,,,,,,,,,,,,,,,,,,,,,,,,,,,,,,,,,,"African","International","Asian",,,,,"Restaurants",,"3","http://www.wannahrestaurants.co.ke","35.273376","https://media-cdn.tripadvisor.com/media/photo-s/08/ff/08/4d/getlstd-property-photo.jpg","Eldoret, Rift Valley Province","4","Eldoret","Kenya","30100",,"Oloo St","Tiryo SugarLand Plaza, 1st Flr","info@wannahrestaurants.co.ke",,,,,,,"RESTAURANT","27",,"+254 703 867579","$","false","Sit down",,"18","",,,,"#18 of 35 places to eat in Eldoret","KES 14,824 - KES 177,883","8647988","Oloo St Tiryo SugarLand Plaza, 1st Flr, Eldoret 30100 Kenya","WANNAH RESTAURANT","https://wannahrestaurants.co.ke/menu-portfolio/","1","https://www.tripadvisor.com/Restaurant_Review-g681265-d8647988-Reviews-WANNAH_RESTAURANT-Eldoret_Rift_Valley_Province.html",,"681265","Eldoret","City",,"2697619","Rift Valley Province","Province",,"294206","Kenya","Country",,,,,,,"0","0","0","3","0","false","restaurant"
,,,,,,,,,,,,,,,,,,,,,,,,,,,,,,,,,,,,"Italian","Pizza","Cafe","Fast Food",,,,"Restaurants",,"5","https://www.facebook.com/Pizza-Bistro-506480526063504/","35.26921",,"Eldoret, Rift Valley Province","3.5","Eldoret","Kenya","30100",,"Langas Jua Kali Rd","Nakumatt EldoCentre",,,,,,,,"RESTAURANT","27",,"+254 721 261717",,"false",,,"20","",,,,"#20 of 35 places to eat in Eldoret",,"12882851","Langas Jua Kali Rd Nakumatt EldoCentre, Eldoret 30100 Kenya","Pizza Bistro",,"0","https://www.tripadvisor.com/Restaurant_Review-g681265-d12882851-Reviews-Pizza_Bistro-Eldoret_Rift_Valley_Province.html",,"681265","Eldoret","City",,"2697619","Rift Valley Province","Province",,"294206","Kenya","Country",,,,,,,"0","1","1","2","1","false","restaurant"
,,,,,,,,,,,,,,,,,,,,,,,,,,,,,,,,,,,,"Indian",,,,,,,"Restaurants",,"2","https://www.facebook.com/sparkbiteeldoret/","35.51019","https://media-cdn.tripadvisor.com/media/photo-o/17/bd/2b/d7/spark-bite.jpg","Eldoret, Rift Valley Province","5","Eldoret","Kenya",,,"Eldoret - Kitale Rd","Kings Auto Spares","sparkbite1@gmail.com",,,,,,,"RESTAURANT","27",,"+254 721 461786",,"false",,,"15","",,,,"#15 of 35 places to eat in Eldoret",,"17513510","Eldoret - Kitale Rd Kings Auto Spares, Eldoret Kenya","Spark Bite",,"11","https://www.tripadvisor.com/Restaurant_Review-g681265-d17513510-Reviews-Spark_Bite-Eldoret_Rift_Valley_Province.html",,"681265","Eldoret","City",,"2697619","Rift Valley Province","Province",,"294206","Kenya","Country",,,,,,,"0","0","0","0","2","false","restaurant"
,,,,,,,,,,,,,,,,,,,,,,,,,,,,,,,,,,,,"African","Barbecue","Contemporary","Dining bars","Beer restaurants",,,"Restaurants",,"1",,"35.26992","https://media-cdn.tripadvisor.com/media/photo-o/1c/7a/61/fa/best-getaway-for-family.jpg","Eldoret, Rift Valley Province","5","Eldoret","Kenya","30100",,"Eldoret Kisumu Road","Opposite Eldoret Polytechnic","j.makana59@gmail.com",,,,,,,"RESTAURANT","27",,"+254 711 831769","$$$$","false","Sit down",,"19","",,,,"#19 of 35 places to eat in Eldoret","KES 88,942 - KES 1,778,832","23025326","Eldoret Kisumu Road Opposite Eldoret Polytechnic, Eldoret 30100 Kenya","Tamasha Eldoret",,"7","https://www.tripadvisor.com/Restaurant_Review-g681265-d23025326-Reviews-Tamasha_Eldoret-Eldoret_Rift_Valley_Province.html",,"681265","Eldoret","City",,"2697619","Rift Valley Province","Province",,"294206","Kenya","Country",,,,,,,"0","0","0","0","1","false","restaurant"
,"Africa/Nairobi","750","0","750","0","750","0","750","0","750","0","750","0","750","0","Seating","Reservations","Wheelchair Accessible","Table Service",,,,,,,,,,,,,,,,,"Chinese","Indian","African",,,,,"Restaurants",,"15","https://www.facebook.com/Zaika-Lounge-113115529401847/","35.26978","https://media-cdn.tripadvisor.com/media/photo-o/12/9f/1a/a1/the-best.jpg","Eldoret, Rift Valley Province","3.5","Eldoret","Kenya","30100",,"Eldoret-Nakuru Road","Rupa Mall 2nd Floor",,"Breakfast","Lunch","Dinner",,,,"RESTAURANT","27",,"+254 752 111110","$$ - $$$","false","Sit down",,"22","",,,"Closed Now","#22 of 35 places to eat in Eldoret","KES 17,788 - KES 741,180","13984225","Eldoret-Nakuru Road Rupa Mall 2nd Floor, Eldoret 30100 Kenya","Zaika Lounge,Rupa's Mall,2nd floor ,Eldoret",,"42","https://www.tripadvisor.com/Restaurant_Review-g681265-d13984225-Reviews-Zaika_Lounge_Rupa_s_Mall_2nd_floor_Eldoret-Eldoret_Rift_Valley_Province.html",,"681265","Eldoret","City",,"2697619","Rift Valley Province","Province",,"294206","Kenya","Country","Breakfast","Lunch","Dinner",,,,"2","3","3","2","5","false","restaurant"
,"Africa/Nairobi","1439","0","1439","0","1439","0","1439","0","1439","0","1439","0","1439","0","Takeout","Outdoor Seating","Parking Available","Wheelchair Accessible","Serves Alcohol","Wine and Beer","Accepts American Express","Accepts Mastercard","Accepts Visa","Digital Payments","Free Wifi","Accepts Credit Cards","BYOB","Sports bars","Gift Cards Available",,,,,,"African",,,,,,,"Bars & Pubs","Restaurants","1",,"35.27318","https://media-cdn.tripadvisor.com/media/photo-o/29/ba/6c/31/caption.jpg","Eldoret, Rift Valley Province","5","Eldoret","Kenya","30100",,"Sergoit - Moiben road ","Moiben ","caesarswaterfrontofficial@gmail.com","Breakfast","Lunch","Dinner","Brunch","Late Night","Drinks","RESTAURANT","27",,"+254 748 639537",,"false",,,"17","",,,"Open Now","#17 of 35 places to eat in Eldoret",,"26325298","Sergoit - Moiben road Moiben, Eldoret 30100 Kenya","Caesars waterfront Sergoit Moiben",,"14","https://www.tripadvisor.com/Restaurant_Review-g681265-d26325298-Reviews-Caesars_waterfront_Sergoit_Moiben-Eldoret_Rift_Valley_Province.html",,"681265","Eldoret","City",,"2697619","Rift Valley Province","Province",,"294206","Kenya","Country","Breakfast","Lunch","Dinner","Brunch","Late Night","Drinks","0","0","0","0","1","false","restaurant"
,"Africa/Nairobi","1439","0","1439","0","1439","0","1439","0","1439","0","1439","0","1439","0",,,,,,,,,,,,,,,,,,,,,,,,,,,,"Restaurants",,"1",,"35.27082","https://media-cdn.tripadvisor.com/media/photo-m/1280/1a/38/af/22/kq-grill-and-bistro-where.jpg","Eldoret, Rift Valley Province","1","Eldoret","Kenya","30100",,"Yala Road Eldoret",,,"Breakfast","Lunch","Dinner",,,,"RESTAURANT","27",,"+254 708 708699",,"false",,,"27","",,,"Open Now","#27 of 35 places to eat in Eldoret",,"19605152","Yala Road Eldoret, Eldoret 30100 Kenya","KQ Grill And BISTRO",,"7","https://www.tripadvisor.com/Restaurant_Review-g681265-d19605152-Reviews-KQ_Grill_And_BISTRO-Eldoret_Rift_Valley_Province.html",,"681265","Eldoret","City",,"2697619","Rift Valley Province","Province",,"294206","Kenya","Country","Breakfast","Lunch","Dinner",,,,"1","0","0","0","0","false","restaurant"
,,,,,,,,,,,,,,,,,,,,,,,,,,,,,,,,,,,,"Chinese","Indian","African",,,,,"Restaurants",,"4","https://www.facebook.com/Zaika-Lounge-113115529401847/","35.26978",,"Eldoret, Rift Valley Province","3.5","Eldoret","Kenya","30100",,"Malaba Road","Rupa Mall 2nd Floor",,,,,,,,"RESTAURANT","27",,"+254 727 246197","$$ - $$$","false","Sit down",,"23","",,,,"#23 of 35 places to eat in Eldoret","KES 17,788 - KES 741,180","13988044","Malaba Road Rupa Mall 2nd Floor, Eldoret 30100 Kenya","Zaika",,"0","https://www.tripadvisor.com/Restaurant_Review-g681265-d13988044-Reviews-Zaika-Eldoret_Rift_Valley_Province.html",,"681265","Eldoret","City",,"2697619","Rift Valley Province","Province",,"294206","Kenya","Country",,,,,,,"0","1","1","1","1","false","restaurant"
,"Africa/Nairobi","1260","390","1260","390","1260","390","1260","390","1260","390","1260","390","1260","390",,,,,,,,,,,,,,,,,,,,,"African","Cafe","Fast Food","International","Diner","Healthy",,"Restaurants",,"1","https://www.facebook.com/The-Swahili-Joint-Eldoret-174162837563494/","35.27797","https://media-cdn.tripadvisor.com/media/photo-o/1c/ce/47/c9/the-swahili-joint-eldoret.jpg","Eldoret, Rift Valley Province","4","Eldoret","Kenya","30100",,"Watergate Building, Ronald Ngala Street","First Floor, Next To Khetias Supermarket",,"Breakfast","Lunch","Dinner",,,,"RESTAURANT","27",,"+254 796 800465","$$ - $$$","false",,,"26","",,,"Closes in 14 min","#26 of 35 places to eat in Eldoret",,"23278380","Watergate Building, Ronald Ngala Street First Floor, Next To Khetias Supermarket, Eldoret 30100 Kenya","The Swahili Joint Eldoret",,"5","https://www.tripadvisor.com/Restaurant_Review-g681265-d23278380-Reviews-The_Swahili_Joint_Eldoret-Eldoret_Rift_Valley_Province.html",,"681265","Eldoret","City",,"2697619","Rift Valley Province","Province",,"294206","Kenya","Country","Breakfast","Lunch","Dinner",,,,"0","0","0","1","0","false","restaurant"
,,,,,,,,,,,,,,,,,,,,,,,,,,,,,,,,,,,,,,,,,,,"Restaurants",,"9","http://www.eldoria.co.ke","35.27369",,"Eldoret, Rift Valley Province","3.5","Eldoret","Kenya","30100",,"Zion Mall","Uganda Road",,,,,,,,"RESTAURANT","27",,"+254 727 867412","$$ - $$$","false",,,"21","",,,,"#21 of 35 places to eat in Eldoret",,"6721262","Zion Mall Uganda Road, Eldoret 30100 Kenya","Eldoria Restaurant",,"0","https://www.tripadvisor.com/Restaurant_Review-g681265-d6721262-Reviews-Eldoria_Restaurant-Eldoret_Rift_Valley_Province.html",,"681265","Eldoret","City",,"2697619","Rift Valley Province","Province",,"294206","Kenya","Country",,,,,,,"1","1","3","1","3","false","restaurant"
,,,,,,,,,,,,,,,,"Reservations","Seating","Wheelchair Accessible",,,,,,,,,,,,,,,,,,"International",,,,,,,"Restaurants",,"18",,,"https://media-cdn.tripadvisor.com/media/photo-o/06/65/18/d4/front-view.jpg","Eldoret, Rift Valley Province","3","Eldoret","Kenya",,,"Kapsabet Rd Langas",,,"Breakfast","Dinner",,,,,"RESTAURANT","27",,"+254 726 925162","$$ - $$$","false","Sit down",,"24","",,,,"#24 of 35 places to eat in Eldoret",,"4261955","Kapsabet Rd Langas, Eldoret Kenya","Starbucks Restaurant and Hotel",,"6","https://www.tripadvisor.com/Restaurant_Review-g681265-d4261955-Reviews-Starbucks_Restaurant_and_Hotel-Eldoret_Rift_Valley_Province.html",,"681265","Eldoret","City",,"2697619","Rift Valley Province","Province",,"294206","Kenya","Country","Breakfast","Dinner",,,,,"4","3","3","4","4","false","restaurant"
,"Africa/Nairobi","750","660","750","660","750","660","750","660","750","660","870","660","870","660","Table Service",,,,,,,,,,,,,,,,,,,,"Chinese","Indian","African",,,,,"Restaurants",,"5","https://www.facebook.com/Zaika-Lounge-113115529401847/","35.289356","https://media-cdn.tripadvisor.com/media/photo-o/18/69/1f/ba/zaika-lounge.jpg","Eldoret, Rift Valley Province","4","Eldoret","Kenya",,,"Nairobi Rd","2nd Floor, Rupa Mall",,"Lunch",,,,,,"RESTAURANT","27",,"+254 727 246197","$$ - $$$","false","Sit down",,"25","",,,"Closed Now","#25 of 35 places to eat in Eldoret","KES 17,788 - KES 741,180","13481660","Nairobi Rd 2nd Floor, Rupa Mall, Eldoret Kenya","Zaika Lounge",,"4","https://www.tripadvisor.com/Restaurant_Review-g681265-d13481660-Reviews-Zaika_Lounge-Eldoret_Rift_Valley_Province.html",,"681265","Eldoret","City",,"2697619","Rift Valley Province","Province",,"294206","Kenya","Country","Lunch",,,,,,"1","0","1","0","3","false","restaurant"
,,,,,,,,,,,,,,,,,,,,,,,,,,,,,,,,,,,,"African","Barbecue","Contemporary","Diner",,,,"Restaurants",,"0","https://www.facebook.com/ohicatering/","35.272293",,"Eldoret, Rift Valley Province",,"Eldoret","Kenya",,,"Uganda Road",,,,,,,,,"RESTAURANT",,,"+254 717 580036","$","false","Sit down",,,"",,,,,"KES 7,412 - KES 148,236","17804595","Uganda Road, Eldoret Kenya","OHI Catering Center",,"0","https://www.tripadvisor.com/Restaurant_Review-g681265-d17804595-Reviews-OHI_Catering_Center-Eldoret_Rift_Valley_Province.html",,"681265","Eldoret","City",,"2697619","Rift Valley Province","Province",,"294206","Kenya","Country",,,,,,,"0","0","0","0","0","false","restaurant"
,"Africa/Nairobi","1290","540","1290","540","1290","540","1290","540","1290","540","1290","540","1290","540","Delivery","Takeout","Outdoor Seating","Seating","Parking Available","Wheelchair Accessible","Serves Alcohol","Full Bar","Wine and Beer","Accepts American Express","Accepts Mastercard","Accepts Visa","Digital Payments","Free Wifi","Accepts Discover","Accepts Credit Cards","Drive Thru","Sports bars",,,"Italian","Indian","African","Middle Eastern","Afghan","Central-Italian",,"Restaurants",,"0",,"35.26677",,"Eldoret, Rift Valley Province",,"Eldoret","Kenya","30100",,"Uganda road eldo center","Eldo center","udaykhetiya@gmail.com","Breakfast","Lunch","Dinner","Brunch","Late Night","Drinks","RESTAURANT",,,"+254 729 901878",,"false",,,,"",,,"Open Now",,,"25528329","Uganda road eldo center Eldo center, Eldoret 30100 Kenya","Veg curries",,"0","https://www.tripadvisor.com/Restaurant_Review-g681265-d25528329-Reviews-Veg_curries-Eldoret_Rift_Valley_Province.html",,"681265","Eldoret","City",,"2697619","Rift Valley Province","Province",,"294206","Kenya","Country","Breakfast","Lunch","Dinner","Brunch","Late Night","Drinks","0","0","0","0","0","false","restaurant"
,"Africa/Nairobi","1439","0","1439","0","1439","0","1439","0","1439","0","1439","0","1439","0",,,,,,,,,,,,,,,,,,,,,,,,,,,,"Restaurants",,"0","https://www.facebook.com/blueloungeeldoret/","35.256042","https://media-cdn.tripadvisor.com/media/photo-o/1a/38/b0/3d/finger-biting-delicacies.jpg","Eldoret, Rift Valley Province",,"Eldoret","Kenya","30100",,"Eldoret Kapsabet Road","Next to Kobil Petrol Station Pioneer","blueloungeld@gmail.com","Breakfast","Lunch","Dinner",,,,"RESTAURANT",,,"+254 720 331686",,"false",,,,"",,,"Open Now",,,"19605157","Eldoret Kapsabet Road Next to Kobil Petrol Station Pioneer, Eldoret 30100 Kenya","Blue Lounge",,"2","https://www.tripadvisor.com/Restaurant_Review-g681265-d19605157-Reviews-Blue_Lounge-Eldoret_Rift_Valley_Province.html",,"681265","Eldoret","City",,"2697619","Rift Valley Province","Province",,"294206","Kenya","Country","Breakfast","Lunch","Dinner",,,,"0","0","0","0","0","false","restaurant"
,"Africa/Nairobi",,,"1439","0","1439","0","1439","0","1439","0","1439","0","1439","0","Delivery","Reservations","Outdoor Seating","Parking Available","Street Parking","Television","Accepts Visa","Cash Only","Accepts Credit Cards",,,,,,,,,,,,"British","Contemporary","Diner",,,,,"Bakeries",,"0","https://www.facebook.com/buynbakeld/","35.27363",,"Eldoret, Rift Valley Province",,"Eldoret","Kenya","30100",,"Oloo Street",,"buynbakeld@gmail.com","Breakfast","Lunch","Dinner","Drinks",,,"RESTAURANT",,,"+254 721 860371",,"false",,,,"",,,"Open Now",,,"26364290","Oloo Street, Eldoret 30100 Kenya","Buy N Bake Cakes",,"0","https://www.tripadvisor.com/Restaurant_Review-g681265-d26364290-Reviews-Buy_N_Bake_Cakes-Eldoret_Rift_Valley_Province.html",,"681265","Eldoret","City",,"2697619","Rift Valley Province","Province",,"294206","Kenya","Country","Breakfast","Lunch","Dinner","Drinks",,,"0","0","0","0","0","false","restaurant"
,,,,,,,,,,,,,,,,,,,,,,,,,,,,,,,,,,,,,,,,,,,"Restaurants",,"0","https://www.facebook.com/hatens.kitchen/?ref=page_internal","35.305397",,"Eldoret, Rift Valley Province",,"Eldoret","Kenya",,,,,"hello@hatenskitchen.com",,,,,,,"RESTAURANT",,,"+254 704 047368",,"false",,,,"",,,,,,"23462371","Eldoret Kenya","Hatens Kitchen",,"0","https://www.tripadvisor.com/Restaurant_Review-g681265-d23462371-Reviews-Hatens_Kitchen-Eldoret_Rift_Valley_Province.html",,"681265","Eldoret","City",,"2697619","Rift Valley Province","Province",,"294206","Kenya","Country",,,,,,,"0","0","0","0","0","false","restaurant"
,"Africa/Nairobi","1260","660","1260","660","1260","660","1260","660","1260","660","1260","660","1260","660",,,,,,,,,,,,,,,,,,,,,"Indian","African","Bar","Barbecue","Pub","Central-Italian",,"Restaurants",,"0",,"35.255512",,"Eldoret, Rift Valley Province",,"Eldoret","Kenya",,,"Owashika Drive",,,"Lunch","Dinner",,,,,"RESTAURANT",,,"+254 722 679390",,"false",,,,"",,,"Closes in 13 min",,,"23886108","Owashika Drive, Eldoret Kenya","Golden Simba Garden Restaurant",,"0","https://www.tripadvisor.com/Restaurant_Review-g681265-d23886108-Reviews-Golden_Simba_Garden_Restaurant-Eldoret_Rift_Valley_Province.html",,"681265","Eldoret","City",,"2697619","Rift Valley Province","Province",,"294206","Kenya","Country","Lunch","Dinner",,,,,"0","0","0","0","0","false","restaurant"
,"Africa/Nairobi","1439","0","1439","0","1439","0","1439","0","1439","0","1439","0","1439","0","Delivery","Private Dining","Parking Available","Highchairs Available","Full Bar","Cash Only","Free Wifi","Accepts Credit Cards",,,,,,,,,,,,,"Chinese","Indian","African",,,,,"Bars & Pubs","Restaurants","0",,"35.381123",,"Eldoret, Rift Valley Province",,"Eldoret","Kenya","30100",,"Eldoret-Nakuru highway",,,"Breakfast","Lunch","Dinner",,,,"RESTAURANT",,,"+254 716 957062",,"false",,,,"",,,"Open Now",,,"25929656","Eldoret-Nakuru highway, Eldoret 30100 Kenya","Infinity Tavern",,"0","https://www.tripadvisor.com/Restaurant_Review-g681265-d25929656-Reviews-Infinity_Tavern-Eldoret_Rift_Valley_Province.html",,"681265","Eldoret","City",,"2697619","Rift Valley Province","Province",,"294206","Kenya","Country","Breakfast","Lunch","Dinner",,,,"0","0","0","0","0","false","restaurant"
