"features/0","features/1","features/2","features/3","features/4","features/5","features/6","features/7","features/8","features/9","features/10","features/11","features/12","features/13","features/14","features/15","features/16","features/17","features/18","features/19","features/20","hours","hours/timezone","hours/weekRanges/0/0/close","hours/weekRanges/0/0/open","hours/weekRanges/1/0/close","hours/weekRanges/1/0/open","hours/weekRanges/2/0/close","hours/weekRanges/2/0/open","hours/weekRanges/3/0/close","hours/weekRanges/3/0/open","hours/weekRanges/4/0/close","hours/weekRanges/4/0/open","hours/weekRanges/5/0/close","hours/weekRanges/5/0/open","hours/weekRanges/6/0/close","hours/weekRanges/6/0/open","dishes/0","dishes/1","dishes/2","dishes/3","dishes/4","dishes/5","dishes/6","dishes/7","dishes/8","description","cuisines/0","cuisines/1","cuisines/2","cuisines/3","cuisines/4","cuisines/5","cuisines/6","cuisines/7","mealTypes/0","mealTypes/1","mealTypes/2","mealTypes/3","mealTypes/4","mealTypes/5","longitude","priceRange","ancestorLocations/0/abbreviation","ancestorLocations/0/id","ancestorLocations/0/name","ancestorLocations/0/subcategory","ancestorLocations/1/abbreviation","ancestorLocations/1/id","ancestorLocations/1/name","ancestorLocations/1/subcategory","ancestorLocations/2/abbreviation","ancestorLocations/2/id","ancestorLocations/2/name","ancestorLocations/2/subcategory","ancestorLocations/3/abbreviation","ancestorLocations/3/id","ancestorLocations/3/name","ancestorLocations/3/subcategory","ancestorLocations/4/abbreviation","ancestorLocations/4/id","ancestorLocations/4/name","ancestorLocations/4/subcategory","category","rankingDenominator","webUrl","type","ratingHistogram/count1","ratingHistogram/count2","ratingHistogram/count3","ratingHistogram/count4","ratingHistogram/count5","email","rating","addressObj/city","addressObj/country","addressObj/postalcode","addressObj/state","addressObj/street1","addressObj/street2","ownersTopReasons","latitude","dietaryRestrictions/0","dietaryRestrictions/1","dietaryRestrictions/2","dietaryRestrictions/3","dietaryRestrictions/4","dietaryRestrictions/5","localAddress","image","photoCount","rankingString","address","menuWebUrl","phone","localName","rankingPosition","numberOfReviews","rawRanking","openNowText","isClosed","isLongClosed","name","locationString","website","id","establishmentTypes/0","priceLevel","subcategories/0"
"Takeout","Outdoor Seating","Seating","Parking Available","Wheelchair Accessible","Serves Alcohol","Highchairs Available","Free Wifi",,,,,,,,,,,,,,,"Africa/Nairobi","1080","420","1080","420","1080","420","1080","420","1080","420","1080","420","1080","420","Pasta","Fish & Chips","Burger","Salad","Pesto","Cakes","Fish",,,"Barneys Bar & Restaurant, Located at the Nanyuki Airfield. Welcome for great food and drinks. We are open every day from 7 in the morning to 6 in the evening","Cafe","European","Vegetarian Friendly","Vegan Options","Gluten Free Options",,,,"Breakfast","Lunch","Dinner","Brunch",,,,,,"612348","Nanyuki Town","City",,"11550013","Nanyuki Municipality","Municipality",,"10501193","Laikipia County","County",,"2697619","Rift Valley Province","Province",,"294206","Kenya","Country","restaurant","32","https://www.tripadvisor.com/Restaurant_Review-g612348-d2292082-Reviews-Barneys_Bar_Resraurant-Nanyuki_Town_Nanyuki_Municipality_Laikipia_County_Rift_Val.html","RESTAURANT","4","6","19","93","56","info@barneysnanyuki.com","4","Nanyuki Town","Kenya","10400",,"Nanyuki Airstrip","",,,"Breakfast","Lunch","Dinner","Brunch",,,,"https://media-cdn.tripadvisor.com/media/photo-o/0a/14/e9/47/barneys.jpg","22","#3 of 43 places to eat in Nanyuki Town","Nanyuki Airstrip, Nanyuki Town, Nanyuki Municipality 10400 Kenya",,"+254 723 310064","","3","178","3.6587746143341064","Closed Now","false","false","Barneys Bar & Resraurant","Nanyuki Town, Nanyuki Municipality, Laikipia County, Rift Valley Province",,"2292082","Restaurants","$$ - $$$","Sit down"
"Wheelchair Accessible","Takeout","Seating",,,,,,,,,,,,,,,,,,,,,,,,,,,,,,,,,,,,,,,,,,,,,"Cafe",,,,,,,,"Breakfast","Lunch","Brunch",,,,"37.077778",,,"612348","Nanyuki Town","City",,"11550013","Nanyuki Municipality","Municipality",,"10501193","Laikipia County","County",,"2697619","Rift Valley Province","Province",,"294206","Kenya","Country","restaurant","32","https://www.tripadvisor.com/Restaurant_Review-g612348-d10505268-Reviews-Dorman_s-Nanyuki_Town_Nanyuki_Municipality_Laikipia_County_Rift_Valley_Province.html","RESTAURANT","0","5","4","11","15",,"4","Nanyuki Town","Kenya","10400",,"Kenyatta Avenue, Nanyuki - Meru highway",,,"0.013333","Breakfast","Lunch","Brunch",,,,,"https://media-cdn.tripadvisor.com/media/photo-o/0c/ff/14/4e/ta-img-20160917-180542.jpg","13","#10 of 43 places to eat in Nanyuki Town","Kenyatta Avenue, Nanyuki - Meru highway, Nanyuki Town, Nanyuki Municipality 10400 Kenya",,,"","10","35","3.260793924331665",,"false","false","Dorman's","Nanyuki Town, Nanyuki Municipality, Laikipia County, Rift Valley Province",,"10505268","Coffee & Tea","$$ - $$$","Café"
"Takeout","Reservations","Outdoor Seating","Private Dining","Parking Available","Highchairs Available","Serves Alcohol","Full Bar","Wine and Beer","Digital Payments","Free Wifi","Accepts Credit Cards","Table Service","Dog Friendly","Sports bars",,,,,,,,"Africa/Nairobi","1230","540",,,"1230","540","1230","540","1230","540","1230","540","1230","540",,,,,,,,,,"Our ethos has never changed – We are fanatical about Food! All our dishes are freshly made and our menu changes each week. Each of our dishes is carefully thought out, not only to taste great, but also to be healthy and nourishing. Using mostly local produce and ingredients, our dishes are always fresh and meticulously prepared with lots of Love. We also provide plenty of outdoor seating, entertainment, a cosy atmosphere and serve a wide assortment of drinks and specially made cocktails at the Nook Bar. Lastly, we offer a separate ourdoor garden, sports bar and lawn area for hire. This caters to guests hosting private functions (e.g. Birthdays, Farewell parties, Baby showers) or similar events. If you’re looking for something incredible, different and out of the norm, The Nook is the place to be!",,,,,,,,,"Breakfast","Lunch","Dinner","Brunch","Drinks",,"37.07327",,,"612348","Nanyuki Town","City",,"11550013","Nanyuki Municipality","Municipality",,"10501193","Laikipia County","County",,"2697619","Rift Valley Province","Province",,"294206","Kenya","Country","restaurant","32","https://www.tripadvisor.com/Restaurant_Review-g612348-d23501615-Reviews-The_Nook_Cafe_Bar-Nanyuki_Town_Nanyuki_Municipality_Laikipia_County_Rift_Valley_.html","RESTAURANT","0","0","0","5","6","info@thenook.co.ke","4.5","Nanyuki Town","Kenya","10400",,"Haile Selassie Road",,,"0.00264","Breakfast","Lunch","Dinner","Brunch","Drinks",,,"https://media-cdn.tripadvisor.com/media/photo-m/1280/1d/d4/82/74/american-cheese-burger.jpg","33","#11 of 43 places to eat in Nanyuki Town","Haile Selassie Road, Nanyuki Town, Nanyuki Municipality 10400 Kenya","https://thenook.co.ke/our-menu/","+254 701 241241","","11","11","3.259827136993408","Closed Now","false","false","The Nook Cafe & Bar","Nanyuki Town, Nanyuki Municipality, Laikipia County, Rift Valley Province","http://www.thenook.co.ke","23501615","Restaurants",,
"Takeout","Reservations","Outdoor Seating","Seating","Parking Available","Wheelchair Accessible","Serves Alcohol","Full Bar","Wine and Beer","Accepts Mastercard","Accepts Visa","Digital Payments","Cash Only","Free Wifi","Highchairs Available",,,,,,,,"Africa/Nairobi","1320","480","1320","480","1320","480","1320","480","1320","480","1320","480","1320","480","Pasta","Cheesecake","Salad","Prawns","Pesto","Fish","Pork",,,"This Restaurant has been under new Management  since August 2021 and therefore mat. not reflect what it once was","Bar","European","Vegetarian Friendly","Vegan Options","Gluten Free Options",,,,"Breakfast","Lunch","Dinner","Brunch",,,"37.08988",,,"612348","Nanyuki Town","City",,"11550013","Nanyuki Municipality","Municipality",,"10501193","Laikipia County","County",,"2697619","Rift Valley Province","Province",,"294206","Kenya","Country","restaurant","32","https://www.tripadvisor.com/Restaurant_Review-g612348-d6688351-Reviews-Le_Rustique_Ltd-Nanyuki_Town_Nanyuki_Municipality_Laikipia_County_Rift_Valley_Pro.html","RESTAURANT","5","6","14","67","127","eat@lerustique.co.ke","4.5","Nanyuki Town","Kenya","10400",,"Kenyatta Drive","1 KM From Nanyuki Sports Club",,"0.011667","Breakfast","Lunch","Dinner","Brunch",,,,"https://media-cdn.tripadvisor.com/media/photo-o/07/53/71/6c/the-yummy-grilled-chicken.jpg","77","#2 of 43 places to eat in Nanyuki Town","Kenyatta Drive 1 KM From Nanyuki Sports Club, Nanyuki Town, Nanyuki Municipality 10400 Kenya",,"+254 721 609601","","2","219","3.969658136367798","Closed Now","false","false","Le Rustique Ltd","Nanyuki Town, Nanyuki Municipality, Laikipia County, Rift Valley Province","https://www.facebook.com/lerustique.nanyuki/","6688351","Restaurants","$$ - $$$","Sit down"
"Seating","Serves Alcohol","Reservations","Outdoor Seating","Highchairs Available","Table Service",,,,,,,,,,,,,,,,,"Africa/Nairobi","1020","720","1020","60","1020","600","1020","600","1020","600","1500","600","900","600","Fish & Chips","Tapas","Fish",,,,,,,"The charming and friendly setting of this venue attracts a loyal following. The colonial era ranch house with its own gardens provides a traditional welcome to all those who are seeking a relaxed way of fine dining. The Friday Tapas Nights and the Fortnightly Sunday Curry Buffet Lunches are reputed to be breathtaking in their variety and taste.","Cafe","Fusion","Vegetarian Friendly","Vegan Options","Gluten Free Options",,,,"Lunch","Breakfast","Dinner","Brunch",,,"37.077076","KES 741 - KES 7,412",,"612348","Nanyuki Town","City",,"11550013","Nanyuki Municipality","Municipality",,"10501193","Laikipia County","County",,"2697619","Rift Valley Province","Province",,"294206","Kenya","Country","restaurant","32","https://www.tripadvisor.com/Restaurant_Review-g612348-d2321474-Reviews-Cape_Chestnut_Laikipia_Sip_Dine_Nanyuki-Nanyuki_Town_Nanyuki_Municipality_Laikipi.html","RESTAURANT","0","1","8","20","50","alpana@capechestnut.com","4.5","Nanyuki Town","Kenya","10400",,"Next to Nanyuki Cottage Hospital","Nanyuki Cottage Hospital Road",,"0.00206","Lunch","Breakfast","Dinner","Brunch",,,,"https://media-cdn.tripadvisor.com/media/photo-s/02/6b/22/46/cape-chestnut-patio.jpg","18","#5 of 43 places to eat in Nanyuki Town","Next to Nanyuki Cottage Hospital Nanyuki Cottage Hospital Road, Nanyuki Town, Nanyuki Municipality 10400 Kenya",,"+254 705 250650","","5","79","3.511274814605713","Closed Now","false","false","Cape Chestnut Laikipia Sip & Dine Nanyuki","Nanyuki Town, Nanyuki Municipality, Laikipia County, Rift Valley Province","http://www.capechestnut.com","2321474","Restaurants","$$ - $$$","Sit down"
"Table Service","Delivery","Takeout","Reservations","Outdoor Seating","Private Dining","Seating","Parking Available","Street Parking","Free off-street parking","Television","Wheelchair Accessible","Serves Alcohol","Full Bar","Wine and Beer","Digital Payments","Free Wifi","Accepts Credit Cards","Family style","Sports bars",,,"Africa/Nairobi","1380","660","1380","660",,,"1380","660","1380","660","1380","660","1380","660",,,,,,,,,,,"Italian","Steakhouse","Indian","Bar","Barbecue",,,,"Lunch","Breakfast","Dinner","Brunch","Late Night","Drinks","37.06047","KES 2,965 - KES 7,412",,"612348","Nanyuki Town","City",,"11550013","Nanyuki Municipality","Municipality",,"10501193","Laikipia County","County",,"2697619","Rift Valley Province","Province",,"294206","Kenya","Country","restaurant","32","https://www.tripadvisor.com/Restaurant_Review-g612348-d21092705-Reviews-Urban_Smoke-Nanyuki_Town_Nanyuki_Municipality_Laikipia_County_Rift_Valley_Provin.html","RESTAURANT","0","1","0","1","26","urbansmoke.ke@gmail.com","5","Nanyuki Town","Kenya","10400",,"Nanyuki-Rumuruti Road, Nanyuki","Near the British army base / BATUK",,"0.033975","Lunch","Breakfast","Dinner","Brunch","Late Night","Drinks",,"https://media-cdn.tripadvisor.com/media/photo-o/23/fe/74/dd/garden-seating.jpg","28","#6 of 43 places to eat in Nanyuki Town","Nanyuki-Rumuruti Road, Nanyuki Near the British army base / BATUK, Nanyuki Town, Nanyuki Municipality 10400 Kenya","https://www.facebook.com/urbansmokenanyukikenya","+254 112 320920","","6","28","3.507617473602295","Closed today","false","false","Urban Smoke","Nanyuki Town, Nanyuki Municipality, Laikipia County, Rift Valley Province","https://www.facebook.com/urbansmokenanyukikenya/","21092705","Restaurants","$","Sit down"
"Seating","Parking Available","Free off-street parking","Television","Serves Alcohol","Full Bar","Accepts Mastercard","Accepts Visa","Digital Payments","Free Wifi","Table Service","Takeout","Reservations","Outdoor Seating","Wheelchair Accessible",,,,,,,,"Africa/Nairobi","1439","0","1439","0","1439","0","1439","0","1439","0","1439","0","1439","0",,,,,,,,,,"Penguin-house Highlights Local Organic Produce from the surrounding foothills of Mt. Kenya on the banks of the Nanyuki River. We specialize in satisfying dishes to cater for all tastes and palates. Respect is given to authentic local cuisine as well as Asian, Indian, and European Cuisines,as our chefs are well traveled and highly trained. Special Dietary requirements are welcomed.","African","European","Vegetarian Friendly",,,,,,"Breakfast","Lunch","Dinner","Late Night","Drinks","Brunch","37.0945","KES 445 - KES 222,354",,"612348","Nanyuki Town","City",,"11550013","Nanyuki Municipality","Municipality",,"10501193","Laikipia County","County",,"2697619","Rift Valley Province","Province",,"294206","Kenya","Country","restaurant","32","https://www.tripadvisor.com/Restaurant_Review-g612348-d12659546-Reviews-Penguin_House-Nanyuki_Town_Nanyuki_Municipality_Laikipia_County_Rift_Valley_Prov.html","RESTAURANT","1","0","0","8","14","penguinhouse1.ke@gmail.com","4.5","Nanyuki Town","Kenya","10400",,"Off Nanyuki-Meru road, Nanyuki,Kenya","Gps:000 1.22,E 37 5.697",,"0.018518","Breakfast","Lunch","Dinner","Late Night","Drinks","Brunch",,"https://media-cdn.tripadvisor.com/media/photo-o/10/0a/39/80/tacos-with-chips-crispy.jpg","29","#12 of 43 places to eat in Nanyuki Town","Off Nanyuki-Meru road, Nanyuki,Kenya Gps:000 1.22,E 37 5.697, Nanyuki Town, Nanyuki Municipality 10400 Kenya",,"+254 791 421124","","12","23","3.241931200027466","Open Now","false","false","Penguin House","Nanyuki Town, Nanyuki Municipality, Laikipia County, Rift Valley Province","https://penguin-house.business.site/","12659546","Restaurants","$$ - $$$","Sit down"
,,,,,,,,,,,,,,,,,,,,,,,,,,,,,,,,,,,,,,,,,,,,,,,"African",,,,,,,,,,,,,,,,,"612348","Nanyuki Town","City",,"11550013","Nanyuki Municipality","Municipality",,"10501193","Laikipia County","County",,"2697619","Rift Valley Province","Province",,"294206","Kenya","Country","restaurant","32","https://www.tripadvisor.com/Restaurant_Review-g612348-d10807876-Reviews-Trendz_lounge-Nanyuki_Town_Nanyuki_Municipality_Laikipia_County_Rift_Valley_Prov.html","RESTAURANT","0","0","1","0","0",,"3","Nanyuki Town","Kenya","10400",,"Sweet waters Rd and Nyeri Nanyuki highway junc",,,,,,,,,,,"https://media-cdn.tripadvisor.com/media/photo-o/10/32/ec/00/photo0jpg.jpg","1","#30 of 43 places to eat in Nanyuki Town","Sweet waters Rd and Nyeri Nanyuki highway junc, Nanyuki Town, Nanyuki Municipality 10400 Kenya",,"+254 701 835840","","30","1","3",,"false","false","Trendz lounge","Nanyuki Town, Nanyuki Municipality, Laikipia County, Rift Valley Province",,"10807876","Restaurants",,
"Delivery","Reservations","Seating","Street Parking","Digital Payments","Cash Only","Free Wifi","Takeout","Outdoor Seating","Wheelchair Accessible",,,,,,,,,,,,,"Africa/Nairobi",,,"1080","420","1080","420","1080","420","1080","420","1080","420","1080","420",,,,,,,,,,"Outdoor setting.","Cafe","European","Soups",,,,,,"Breakfast","Lunch","Dinner","Drinks","Brunch",,"37.077534","KES 296 - KES 1,482",,"612348","Nanyuki Town","City",,"11550013","Nanyuki Municipality","Municipality",,"10501193","Laikipia County","County",,"2697619","Rift Valley Province","Province",,"294206","Kenya","Country","restaurant","32","https://www.tripadvisor.com/Restaurant_Review-g612348-d7995900-Reviews-Carol_s_Cafe-Nanyuki_Town_Nanyuki_Municipality_Laikipia_County_Rift_Valley_Provin.html","RESTAURANT","0","0","2","4","21","carolineatcourtyard@gmail.com","4.5","Nanyuki Town","Kenya","10400",,"Kenyatta Avenue","Cottage Hospistal Road,next To Braeburn School Nanyuki",,"0.013893","Breakfast","Lunch","Dinner","Drinks","Brunch",,,"https://media-cdn.tripadvisor.com/media/photo-o/16/9a/be/08/pork-chops-with-chips.jpg","28","#9 of 43 places to eat in Nanyuki Town","Kenyatta Avenue Cottage Hospistal Road,next To Braeburn School Nanyuki, Nanyuki Town, Nanyuki Municipality 10400 Kenya","https://www.facebook.com/carolscafe.ke/menu/","+254 706 115666","","9","27","3.326219320297241","Closed Now","false","false","Carol's Cafe","Nanyuki Town, Nanyuki Municipality, Laikipia County, Rift Valley Province","http://www.facebook.com/Carols-Cafe-347067438831236/","7995900","Restaurants","$$ - $$$","Sit down"
,,,,,,,,,,,,,,,,,,,,,,,,,,,,,,,,,,,,,,,,,,,,,,,,,,,,,,,"Lunch",,,,,,,,,"612348","Nanyuki Town","City",,"11550013","Nanyuki Municipality","Municipality",,"10501193","Laikipia County","County",,"2697619","Rift Valley Province","Province",,"294206","Kenya","Country","restaurant","32","https://www.tripadvisor.com/Restaurant_Review-g612348-d6542528-Reviews-Sherlock_s_Bistro-Nanyuki_Town_Nanyuki_Municipality_Laikipia_County_Rift_Valley_P.html","RESTAURANT","0","3","0","1","0",,"2.5","Nanyuki Town","Kenya","10400",,"Nanyuki Mall",,,,"Lunch",,,,,,,,"0","#31 of 43 places to eat in Nanyuki Town","Nanyuki Mall, Nanyuki Town, Nanyuki Municipality 10400 Kenya",,,"","31","4","2.90631103515625",,"false","false","Sherlock's Bistro","Nanyuki Town, Nanyuki Municipality, Laikipia County, Rift Valley Province",,"6542528","Restaurants",,
,,,,,,,,,,,,,,,,,,,,,,,,,,,,,,,,,,,,,,,,,,,,,,,"African","European","Grill",,,,,,,,,,,,"37.07223",,,"612348","Nanyuki Town","City",,"11550013","Nanyuki Municipality","Municipality",,"10501193","Laikipia County","County",,"2697619","Rift Valley Province","Province",,"294206","Kenya","Country","restaurant","32","https://www.tripadvisor.com/Restaurant_Review-g612348-d10163456-Reviews-Tandala-Nanyuki_Town_Nanyuki_Municipality_Laikipia_County_Rift_Valley_Province.html","RESTAURANT","0","0","0","1","1","tandalaresort@gmail.com","4.5","Nanyuki Town","Kenya","10400",,"Kariunga",,,"0.007442",,,,,,,,,"0","#28 of 43 places to eat in Nanyuki Town","Kariunga, Nanyuki Town, Nanyuki Municipality 10400 Kenya",,"+254 711 955431","","28","2","3.0272793769836426",,"false","false","Tandala","Nanyuki Town, Nanyuki Municipality, Laikipia County, Rift Valley Province","http://www.tandala-birding-resort.com","10163456","Restaurants",,
"Seating","Television","Reservations","Outdoor Seating","Serves Alcohol",,,,,,,,,,,,,,,,,,,,,,,,,,,,,,,,,,,,,,,,,,"Visited here when staying with fiances mum who lives down the road. Not advertised anywhere - as far as I can tell, but popular with the locals. (I'm currently updating trip advisor with all the places I visited in Nanyuki).","African","Bar","Pub",,,,,,"Breakfast","Lunch","Dinner",,,,"37.09016","KES 741 - KES 2,224",,"612348","Nanyuki Town","City",,"11550013","Nanyuki Municipality","Municipality",,"10501193","Laikipia County","County",,"2697619","Rift Valley Province","Province",,"294206","Kenya","Country","restaurant","32","https://www.tripadvisor.com/Restaurant_Review-g612348-d2292087-Reviews-The_Old_House-Nanyuki_Town_Nanyuki_Municipality_Laikipia_County_Rift_Valley_Provi.html","RESTAURANT","1","3","9","16","12","oldhousenki@gmail.com","4","Nanyuki Town","Kenya","10400",,"Kenyatta Drive","",,"0.01231","Breakfast","Lunch","Dinner",,,,,"https://media-cdn.tripadvisor.com/media/photo-o/02/35/f9/e3/blick-in-das-restaurant.jpg","3","#13 of 43 places to eat in Nanyuki Town","Kenyatta Drive, Nanyuki Town, Nanyuki Municipality 10400 Kenya",,"+254 721 598105","","13","41","3.17767071723938",,"false","false","The Old House","Nanyuki Town, Nanyuki Municipality, Laikipia County, Rift Valley Province",,"2292087","Restaurants","$$ - $$$","Sit down"
,,,,,,,,,,,,,,,,,,,,,,,,,,,,,,,,,,,,,,,,,,,,,,,"Cafe","Fast Food","International",,,,,,,,,,,,"37.076443",,,"612348","Nanyuki Town","City",,"11550013","Nanyuki Municipality","Municipality",,"10501193","Laikipia County","County",,"2697619","Rift Valley Province","Province",,"294206","Kenya","Country","restaurant","32","https://www.tripadvisor.com/Restaurant_Review-g612348-d13807079-Reviews-Shades_Restaurant_And_Coffee_House-Nanyuki_Town_Nanyuki_Municipality_Laikipia_Co.html","RESTAURANT","0","0","0","2","3","shadescoffeelounge@gmail.com","4.5","Nanyuki Town","Kenya","10400",,"Kanu Street","Across From Nanyuki Park",,"0.014643",,,,,,,,"https://media-cdn.tripadvisor.com/media/photo-o/12/62/b8/4b/a-latte-in-the-outdoor.jpg","8","#19 of 43 places to eat in Nanyuki Town","Kanu Street Across From Nanyuki Park, Nanyuki Town, Nanyuki Municipality 10400 Kenya",,"+254 750 968045","","19","5","3.083270788192749",,"false","false","Shades Restaurant And Coffee House","Nanyuki Town, Nanyuki Municipality, Laikipia County, Rift Valley Province","https://facebook.com/Shadescoffeelounge/","13807079","Restaurants","$$ - $$$",
,,,,,,,,,,,,,,,,,,,,,,,,,,,,,,,,,,,,,,,,,,,,,,,"Cafe",,,,,,,,,,,,,,"37.07223",,,"612348","Nanyuki Town","City",,"11550013","Nanyuki Municipality","Municipality",,"10501193","Laikipia County","County",,"2697619","Rift Valley Province","Province",,"294206","Kenya","Country","restaurant","32","https://www.tripadvisor.com/Restaurant_Review-g612348-d12391395-Reviews-I_Love_Nanyuki-Nanyuki_Town_Nanyuki_Municipality_Laikipia_County_Rift_Valley_Pro.html","RESTAURANT","0","0","0","1","4",,"5","Nanyuki Town","Kenya",,,,,,"0.007442",,,,,,,,"https://media-cdn.tripadvisor.com/media/photo-o/0f/32/f0/a4/road.jpg","2","#17 of 43 places to eat in Nanyuki Town","Nanyuki Town, Nanyuki Municipality Kenya",,,"","17","5","3.0921850204467773",,"false","false","I Love Nanyuki","Nanyuki Town, Nanyuki Municipality, Laikipia County, Rift Valley Province","https://www.facebook.com/ILoveNanyuki/","12391395","Restaurants",,
"Delivery","Reservations","Seating","Table Service",,,,,,,,,,,,,,,,,,,,,,,,,,,,,,,,,,,,,,,,,,,"The Eatery Restaurant has to be closed for exciting renovations during early 2013.(However The 'Get Beautiful salon' remains open) By May 2013 we re-open as the 'Courtyard Arcade', comprising of 9 shops and a NEW outdoor courtyard restaurant... alongside our popular salon, which is in process of moving within the same property to a new spot (but remains open!)",,,,,,,,,"Breakfast",,,,,,"37.07434",,,"612348","Nanyuki Town","City",,"11550013","Nanyuki Municipality","Municipality",,"10501193","Laikipia County","County",,"2697619","Rift Valley Province","Province",,"294206","Kenya","Country","restaurant","32","https://www.tripadvisor.com/Restaurant_Review-g612348-d1873463-Reviews-The_Eatery-Nanyuki_Town_Nanyuki_Municipality_Laikipia_County_Rift_Valley_Province.html","RESTAURANT","2","1","2","4","17",,"4.5","Nanyuki Town","Kenya","10400",,"Kenyatta High Way","",,"0.00756","Breakfast",,,,,,,"https://media-cdn.tripadvisor.com/media/photo-o/01/af/78/dd/the-entrance.jpg","2","#16 of 43 places to eat in Nanyuki Town","Kenyatta High Way, Nanyuki Town, Nanyuki Municipality 10400 Kenya",,,"","16","26","3.1078035831451416",,"false","false","The Eatery","Nanyuki Town, Nanyuki Municipality, Laikipia County, Rift Valley Province",,"1873463","Restaurants",,"Sit down"
"Seating","Takeout",,,,,,,,,,,,,,,,,,,,,"Africa/Nairobi","960","600","1140","480","1140","480","1140","480","1140","480","1140","480","1140","480",,,,,,,,,,"Welcome to the Courtyard Café where we aim to provide light meals including salads, sandwiches, wraps and soup with quick and pleasant service in a light, airy environment within the centre of Nanyuki.Afternoon Tea is served from 2.30pm to 4.30 pmDrinks include cordials, juices, sodas, house coffee and a range of teas including fresh herbal.Takeaway Sandwiches are also available.","Cafe","Soups","Vegetarian Friendly",,,,,,"Breakfast","Lunch","Dinner",,,,"37.0667",,,"612348","Nanyuki Town","City",,"11550013","Nanyuki Municipality","Municipality",,"10501193","Laikipia County","County",,"2697619","Rift Valley Province","Province",,"294206","Kenya","Country","restaurant","32","https://www.tripadvisor.com/Restaurant_Review-g612348-d4298524-Reviews-The_Courtyard_Cafe-Nanyuki_Town_Nanyuki_Municipality_Laikipia_County_Rift_Valley_.html","RESTAURANT","0","0","6","4","10","courtyardcafeke@btinternet.com","4","Nanyuki Town","Kenya","10400",,"Courtyard Arcade","Kenyatta Avenue",,"0.016667","Breakfast","Lunch","Dinner",,,,,"https://media-cdn.tripadvisor.com/media/photo-o/04/02/db/3c/table-chairs.jpg","12","#14 of 43 places to eat in Nanyuki Town","Courtyard Arcade Kenyatta Avenue, Nanyuki Town, Nanyuki Municipality 10400 Kenya",,"+254 731 486986","","14","20","3.143899917602539","Closed Now","false","false","The Courtyard Cafe","Nanyuki Town, Nanyuki Municipality, Laikipia County, Rift Valley Province",,"4298524","Restaurants","$$ - $$$","Sit down"
,,,,,,,,,,,,,,,,,,,,,,,,,,,,,,,,,,,,,,,,,,,,,,"The guest house has 3 spacious rooms on double and single accommodation, on bed and breakfast, half board and full-board basis. They all have televisions with digital cable channels via DSTV. We also have beautiful campsite grounds that cater to overland travellers who prefer tented accommodation.","American","African","International","Barbecue",,,,,,,,,,,"37.03622","KES 14,824 - KES 296,472",,"612348","Nanyuki Town","City",,"11550013","Nanyuki Municipality","Municipality",,"10501193","Laikipia County","County",,"2697619","Rift Valley Province","Province",,"294206","Kenya","Country","restaurant","32","https://www.tripadvisor.com/Restaurant_Review-g612348-d10831058-Reviews-Burguret_Kilele-Nanyuki_Town_Nanyuki_Municipality_Laikipia_County_Rift_Valley_Pr.html","RESTAURANT","0","0","0","0","5","info@burguretkilele.co.ke","5","Nanyuki Town","Kenya","10400",,"Nyeri-Nanyuki Highway","Situated 15 Kilometers From Nanyuki On Your Way To Nyeri Or Naromoru",,"-0.087933",,,,,,,,"https://media-cdn.tripadvisor.com/media/photo-o/0d/04/8c/bb/main-entrance.jpg","5","#18 of 43 places to eat in Nanyuki Town","Nyeri-Nanyuki Highway Situated 15 Kilometers From Nanyuki On Your Way To Nyeri Or Naromoru, Nanyuki Town, Nanyuki Municipality 10400 Kenya","http://www.burguretkilele.co.ke/#yt-off-resmenu","+254 714 018214","","18","5","3.0852162837982178",,"false","false","Burguret Kilele","Nanyuki Town, Nanyuki Municipality, Laikipia County, Rift Valley Province","http://www.burguretkilele.co.ke/","10831058","Restaurants","$$ - $$$","Sit down"
"Delivery","Takeout","Reservations","Outdoor Seating","Parking Available","Street Parking","Free off-street parking","Television","Serves Alcohol","Full Bar","Wine and Beer","Accepts Credit Cards","Dog Friendly","Sports bars",,,,,,,,,"Africa/Nairobi","1320","660","1320","660",,,"1320","660","1320","660","1320","660","1320","660",,,,,,,,,,"Saltbush Bar & Grill Nanyuki is the perfect venue for a get-together, bringing you the best in barbecue and Indian food.","Steakhouse","Indian","Fast Food","Bar","Barbecue","Pub",,,"Breakfast","Lunch","Dinner","Brunch","Late Night","Drinks","37.07784","KES 29,647 - KES 148,236",,"612348","Nanyuki Town","City",,"11550013","Nanyuki Municipality","Municipality",,"10501193","Laikipia County","County",,"2697619","Rift Valley Province","Province",,"294206","Kenya","Country","restaurant","32","https://www.tripadvisor.com/Restaurant_Review-g612348-d24068977-Reviews-Saltbush_Bar_Grill_Nanyuki-Nanyuki_Town_Nanyuki_Municipality_Laikipia_County_Rif.html","RESTAURANT","0","0","0","0","2","saltbush@thebinban.co.ke","5","Nanyuki Town","Kenya","10400",,"The Binban, Kassim Plaza, Kenyatta Highway",,,"0.013111","Breakfast","Lunch","Dinner","Brunch","Late Night","Drinks",,"https://media-cdn.tripadvisor.com/media/photo-m/1280/28/6f/d6/1c/saltbush-bar-grill.jpg","20","#20 of 43 places to eat in Nanyuki Town","The Binban, Kassim Plaza, Kenyatta Highway, Nanyuki Town, Nanyuki Municipality 10400 Kenya","https://qrcc.me/rd2x1hTf","+254 717 849670","","20","2","3.0728442668914795","Closed today","false","false","Saltbush Bar & Grill Nanyuki","Nanyuki Town, Nanyuki Municipality, Laikipia County, Rift Valley Province","http://www.saltbush.co.ke","24068977","Restaurants","$$$$","Sit down"
"Takeout","Buffet","Parking Available","Serves Alcohol","Full Bar","Accepts American Express","Accepts Mastercard","Accepts Visa","Outdoor Seating","Seating","Reservations","Wine and Beer","Free Wifi","Accepts Credit Cards",,,,,,,,,"Africa/Nairobi","990","480","990","480","990","480","990","480","990","480","990","480","990","480","Burger","Beef",,,,,,,,"Named in memory of Ol Pejeta’s most famous rhino ambassador, Morani’s was named one of the top 20 amazing places to eat in Kenya’! It’s not hard to see why. Conveniently located at the Information Centre, we’re the perfect halfway stop during an adventure packed day of safari and activities. Enjoy a famous Morani burger - made from Ol Pejeta beef, oozing with cheese, topped with bacon with a side of homemade fries. Light lunchers can opt for a crisp healthy salad, or a wrap to eat on the go. Kids are catered for too. All our food is homemade from the freshest ingredients, locally sourced whenever possible. Our new extensive coffee menu means we must be one of the only places in Kenya where you can get a hazelnut cappuccino in the middle of black rhino country! There's a small shop at the restaurant with great souvenirs and curios made by local craftspeople, as well as Ol Pejeta merchandise. Birthday in the bush? Morani’s can cater for groups of up to 60 people!","American","African","Bar","International","Barbecue","Pub","Vegan Options","Vegetarian Friendly","Lunch","Breakfast","Drinks",,,,"36.964985","KES 1,038 - KES 2,224",,"612348","Nanyuki Town","City",,"11550013","Nanyuki Municipality","Municipality",,"10501193","Laikipia County","County",,"2697619","Rift Valley Province","Province",,"294206","Kenya","Country","restaurant","32","https://www.tripadvisor.com/Restaurant_Review-g612348-d3583028-Reviews-Morani_s_Restaurant-Nanyuki_Town_Nanyuki_Municipality_Laikipia_County_Rift_Valley.html","RESTAURANT","3","3","8","25","42","moranis@olpejetaconservancy.org","4","Nanyuki Town","Kenya","10400",,"Ol Pejeta Conservancy",,,"0.024645","Lunch","Breakfast","Drinks",,,,,"https://media-cdn.tripadvisor.com/media/photo-m/1280/13/d0/47/c9/the-baraka-breakfast.jpg","44","#7 of 43 places to eat in Nanyuki Town","Ol Pejeta Conservancy, Nanyuki Town, Nanyuki Municipality 10400 Kenya","http://www.olpejetaconservancy.org/uploads/assets/uploads/2018/09/MAIN-MENU-FINAL-for-web.pdf","+254 706 160114","","7","81","3.365767240524292","Closed Now","false","false","Morani's Restaurant","Nanyuki Town, Nanyuki Municipality, Laikipia County, Rift Valley Province","http://www.facebook.com/OlPejetaEscapes/","3583028","Restaurants","$$ - $$$","Sit down"
"Reservations","Outdoor Seating","Seating","Parking Available","Highchairs Available","Serves Alcohol","Full Bar","Accepts Credit Cards","Table Service","Playgrounds",,,,,,,,,,,,,"Africa/Nairobi","990","660","990","660","990","660","990","660","990","660","990","660","990","660","Chowder","Pasta","Salad","Curry","Tilapia","Beef","Pesto","Cakes","Fish",,"Vegetarian Friendly","Vegan Options","Gluten Free Options",,,,,,"Lunch","Brunch",,,,,"37.03548","KES 1,482 - KES 2,224",,"612348","Nanyuki Town","City",,"11550013","Nanyuki Municipality","Municipality",,"10501193","Laikipia County","County",,"2697619","Rift Valley Province","Province",,"294206","Kenya","Country","restaurant","32","https://www.tripadvisor.com/Restaurant_Review-g612348-d1145982-Reviews-Trout_Tree-Nanyuki_Town_Nanyuki_Municipality_Laikipia_County_Rift_Valley_Province.html","RESTAURANT","11","6","49","161","247",,"4.5","Nanyuki Town","Kenya","10400",,"A2 Naro Moro - Nanyuki Road","",,"-0.102956","Lunch","Brunch",,,,,,"https://media-cdn.tripadvisor.com/media/photo-o/01/6e/89/3f/my-grilled-trout-simply.jpg","392","#1 of 43 places to eat in Nanyuki Town","A2 Naro Moro - Nanyuki Road, Nanyuki Town, Nanyuki Municipality 10400 Kenya",,"+254 726 281704","","1","474","4.320260047912598","Closed Now","false","false","Trout Tree","Nanyuki Town, Nanyuki Municipality, Laikipia County, Rift Valley Province","http://www.trout-tree.com","1145982","Restaurants","$$ - $$$","Sit down"
,,,,,,,,,,,,,,,,,,,,,,,,,,,,,,,,,,,,,,,,,,,,,,,,,,,,,,,,,,,,,,,,"612348","Nanyuki Town","City",,"11550013","Nanyuki Municipality","Municipality",,"10501193","Laikipia County","County",,"2697619","Rift Valley Province","Province",,"294206","Kenya","Country","restaurant",,"https://www.tripadvisor.com/Restaurant_Review-g612348-d19323857-Reviews-Kungu_Maitu_Hotel_and_Butchery-Nanyuki_Town_Nanyuki_Municipality_Laikipia_County.html","RESTAURANT","0","0","0","0","0",,,"Nanyuki Town","Kenya","10400",,"Nanyuki-Rumuruti Rd",,,,,,,,,,,"https://media-cdn.tripadvisor.com/media/photo-o/22/19/a3/11/looks-great.jpg","11",,"Nanyuki-Rumuruti Rd, Nanyuki Town, Nanyuki Municipality 10400 Kenya",,,"",,"0",,,"false","false","Kungu Maitu Hotel and Butchery","Nanyuki Town, Nanyuki Municipality, Laikipia County, Rift Valley Province",,"19323857","Restaurants",,
,,,,,,,,,,,,,,,,,,,,,,,,,,,,,,,,,,,,,,,,,,,,,,,"Indian",,,,,,,,,,,,,,"37.07335",,,"612348","Nanyuki Town","City",,"11550013","Nanyuki Municipality","Municipality",,"10501193","Laikipia County","County",,"2697619","Rift Valley Province","Province",,"294206","Kenya","Country","restaurant",,"https://www.tripadvisor.com/Restaurant_Review-g612348-d15699900-Reviews-K_s_indian_cuisine_bar-Nanyuki_Town_Nanyuki_Municipality_Laikipia_County_Rift_Va.html","RESTAURANT","0","0","0","0","0",,,"Nanyuki Town","Kenya","10400",,"Railway road",,,"0.007644",,,,,,,,,"0",,"Railway road, Nanyuki Town, Nanyuki Municipality 10400 Kenya",,"+254 712 640426","",,"0",,,"false","false","K's indian cuisine & bar","Nanyuki Town, Nanyuki Municipality, Laikipia County, Rift Valley Province",,"15699900","Restaurants",,
,,,,,,,,,,,,,,,,,,,,,,,,,,,,,,,,,,,,,,,,,,,,,,"The croft","African","Bar","Asian","British","Pub","Caucasian",,,,,,,,,"37.07859",,,"612348","Nanyuki Town","City",,"11550013","Nanyuki Municipality","Municipality",,"10501193","Laikipia County","County",,"2697619","Rift Valley Province","Province",,"294206","Kenya","Country","restaurant",,"https://www.tripadvisor.com/Restaurant_Review-g612348-d25195253-Reviews-Leyaa_s_Vegan_Kitchen-Nanyuki_Town_Nanyuki_Municipality_Laikipia_County_Rift_Val.html","RESTAURANT","0","0","0","0","0","leyaarose18@gmail.com",,"Nanyuki Town","Kenya","10400",,"The Croft",,,"0.01481",,,,,,,,,"0",,"The Croft, Nanyuki Town, Nanyuki Municipality 10400 Kenya",,"+254 799 983030","",,"0",,,"false","false","Leyaa's Vegan Kitchen","Nanyuki Town, Nanyuki Municipality, Laikipia County, Rift Valley Province",,"25195253","Restaurants",,
,,,,,,,,,,,,,,,,,,,,,,,,,,,,,,,,,,,,,,,,,,,,,,"Moran Reloaded is a bar and lounge with 24 hour running restaurant offering variety of African grills, as well as selection of oriental and European. With variety of foods and drinks we offer people can have some chilling time during the day and party in the evening. We also offer accommodation arrangement to our guests from outside Nanyuki.","African","Barbecue","Contemporary","Dining bars",,,,,,,,,,,,"KES 7,412 - KES 296,472",,"612348","Nanyuki Town","City",,"11550013","Nanyuki Municipality","Municipality",,"10501193","Laikipia County","County",,"2697619","Rift Valley Province","Province",,"294206","Kenya","Country","restaurant","32","https://www.tripadvisor.com/Restaurant_Review-g612348-d22952891-Reviews-Moran_Reloaded_Lounge_Grill-Nanyuki_Town_Nanyuki_Municipality_Laikipia_County_Ri.html","RESTAURANT","2","1","0","0","0","babaksh_pf@hotmail.com","1.5","Nanyuki Town","Kenya","10400",,"Off Nyeri Road",,,,,,,,,,,,"0","#32 of 43 places to eat in Nanyuki Town","Off Nyeri Road, Nanyuki Town, Nanyuki Municipality 10400 Kenya",,"+254 721 216583","","32","3","2.430569887161255",,"false","false","Moran Reloaded Lounge & Grill","Nanyuki Town, Nanyuki Municipality, Laikipia County, Rift Valley Province",,"22952891","Restaurants","$","Sit down"
,,,,,,,,,,,,,,,,,,,,,,,,,,,,,,,,,,,,,,,,,,,,,,"Sarafina bar and restaurant is located at the foothills of mount kenya in laikipia county , afew km from nanyuki town and nanyuki airstrip. we boast ourselves by having the best kuku kienyeji in town as well as mouthwatering red meats prepared by our very own chefs.we customise your order as per your preference and serve your beautifully in 45 mins. enjoy our curio shop as you wait and cool music!","African",,,,,,,,,,,,,,,"KES 14,824 - KES 222,354",,"612348","Nanyuki Town","City",,"11550013","Nanyuki Municipality","Municipality",,"10501193","Laikipia County","County",,"2697619","Rift Valley Province","Province",,"294206","Kenya","Country","restaurant",,"https://www.tripadvisor.com/Restaurant_Review-g612348-d12922675-Reviews-Sarafina_Bar_And_Restaurant-Nanyuki_Town_Nanyuki_Municipality_Laikipia_County_Ri.html","RESTAURANT","0","0","0","0","0","roselyne.ngare2014@gmail.com",,"Nanyuki Town","Kenya","10400",,"Nanyuki Nyeri Road",,,,,,,,,,,,"0",,"Nanyuki Nyeri Road, Nanyuki Town, Nanyuki Municipality 10400 Kenya",,"+254 722 617830","",,"0",,,"false","false","Sarafina Bar And Restaurant","Nanyuki Town, Nanyuki Municipality, Laikipia County, Rift Valley Province",,"12922675","Restaurants","$","Sit down"
,,,,,,,,,,,,,,,,,,,,,,"Africa/Nairobi","1439","0","1439","0","1439","0","1439","0","1439","0","1439","0","1439","0",,,,,,,,,,"-Situated in Naro Moru, 21 km from Solio Game Reserve, -Tranquil Homestays features accommodation with a restaurant, free private parking, a bar, a shared lounge and Featuring a garden. -The property is located within 38 km of Baden-Powell Museum. -The accommodation offers a shared kitchen and room service for guests. -Rooms come complete with a private bathroom fitted with a shower and slippers, while some rooms at the hotel also boast a seating area. -A continental breakfast is available each morning at Tranquil Homestays. -The accommodation offers a children's playground and Games -Nanyuki Sports Club is 23 km from Tranquil Homestays, while Mount Kenya Wildlife Conservancy is 31 km from the property. -The nearest airport is Nanyuki Airport, 12 km from the hotel.","African","International","Healthy","Fruit parlours","Indigenous",,,,"Breakfast","Lunch","Dinner",,,,"37.07223",,,"612348","Nanyuki Town","City",,"11550013","Nanyuki Municipality","Municipality",,"10501193","Laikipia County","County",,"2697619","Rift Valley Province","Province",,"294206","Kenya","Country","restaurant",,"https://www.tripadvisor.com/Restaurant_Review-g612348-d25073787-Reviews-Tranquil_Homestays-Nanyuki_Town_Nanyuki_Municipality_Laikipia_County_Rift_Valley.html","RESTAURANT","0","0","0","0","0",,,"Nanyuki Town","Kenya",,,"396-10105",,,"0.007441","Breakfast","Lunch","Dinner",,,,,,"0",,"396-10105, Nanyuki Town, Nanyuki Municipality Kenya",,"+254 719 884384","",,"0",,"Open Now","false","false","Tranquil Homestays","Nanyuki Town, Nanyuki Municipality, Laikipia County, Rift Valley Province","https://tranquilhomestays.com/","25073787","Restaurants",,
"Delivery","Reservations","Outdoor Seating","Seating","Parking Available","Accepts Credit Cards","Playgrounds",,,,,,,,,,,,,,,,"Africa/Nairobi","900","600",,,"1380","600","1380","600","1380","600","900","600","900","600",,,,,,,,,,"One stop shop for everything Creative and entertaining in downtown, Nanyuki. Come by for tattoos, food, cocktails, coffee, art pieces, furniture and for great photos.","American","African","Bar","Barbecue","European","Pub",,,"Lunch","Dinner","Brunch","Late Night","Drinks",,"37.08325",,,"612348","Nanyuki Town","City",,"11550013","Nanyuki Municipality","Municipality",,"10501193","Laikipia County","County",,"2697619","Rift Valley Province","Province",,"294206","Kenya","Country","restaurant",,"https://www.tripadvisor.com/Restaurant_Review-g612348-d23347180-Reviews-Downtown_Nanyuki-Nanyuki_Town_Nanyuki_Municipality_Laikipia_County_Rift_Valley_P.html","RESTAURANT","0","0","0","0","0","downtownnanyuki@gmail.com",,"Nanyuki Town","Kenya","10400",,"3-10400, Nanyuki.","Inside Sportsmans Arms Hotel",,"0.017653","Lunch","Dinner","Brunch","Late Night","Drinks",,,"https://media-cdn.tripadvisor.com/media/photo-m/1280/24/b3/52/e9/caption.jpg","14",,"3-10400, Nanyuki. Inside Sportsmans Arms Hotel, Nanyuki Town, Nanyuki Municipality 10400 Kenya",,"+254 790 190819","",,"0",,"Closed Now","false","false","Downtown Nanyuki","Nanyuki Town, Nanyuki Municipality, Laikipia County, Rift Valley Province",,"23347180","Restaurants","$$ - $$$",
,,,,,,,,,,,,,,,,,,,,,,,,,,,,,,,,,,,,,,,,,,,,,,,"African",,,,,,,,,,,,,,"37.07223",,,"612348","Nanyuki Town","City",,"11550013","Nanyuki Municipality","Municipality",,"10501193","Laikipia County","County",,"2697619","Rift Valley Province","Province",,"294206","Kenya","Country","restaurant",,"https://www.tripadvisor.com/Restaurant_Review-g612348-d13189068-Reviews-Mlima_View_Restaurant_Pub-Nanyuki_Town_Nanyuki_Municipality_Laikipia_County_Rift.html","RESTAURANT","0","0","0","0","0",,,"Nanyuki Town","Kenya","10400",,"Nyeri Nanyuki Rd",,,"0.007442",,,,,,,,,"0",,"Nyeri Nanyuki Rd, Nanyuki Town, Nanyuki Municipality 10400 Kenya",,"+254 723 338012","",,"0",,,"false","false","Mlima View Restaurant & Pub","Nanyuki Town, Nanyuki Municipality, Laikipia County, Rift Valley Province","https://www.facebook.com/pg/Mlima-View-Restaurant-Pub-Nanyuki-1803831829937938","13189068","Restaurants",,
"Delivery","Takeout","Outdoor Seating","Seating","Parking Available","Highchairs Available","Free Wifi","Accepts Credit Cards",,,,,,,,,,,,,,,"Africa/Nairobi","1260","420","1260","420","1260","420","1260","420","1260","420","1260","420","1260","420",,,,,,,,,,,"Cafe","Mexican","African","Diner","Healthy",,,,"Breakfast","Lunch","Dinner","Brunch",,,"37.07223","KES 22,235 - KES 177,883",,"612348","Nanyuki Town","City",,"11550013","Nanyuki Municipality","Municipality",,"10501193","Laikipia County","County",,"2697619","Rift Valley Province","Province",,"294206","Kenya","Country","restaurant","32","https://www.tripadvisor.com/Restaurant_Review-g612348-d14024244-Reviews-Java_House_Nanyuki-Nanyuki_Town_Nanyuki_Municipality_Laikipia_County_Rift_Valley.html","RESTAURANT","0","1","3","0","2","guest.relations@javahouseafrica.com","3.5","Nanyuki Town","Kenya","10400",,"Laikipia road","Cedar Mall",,"0.007442","Breakfast","Lunch","Dinner","Brunch",,,,,"0","#26 of 43 places to eat in Nanyuki Town","Laikipia road Cedar Mall, Nanyuki Town, Nanyuki Municipality 10400 Kenya","https://www.javahouseafrica.com/our-menu/","+254 711 361522","","26","6","3.037363290786743","Closed Now","false","false","Java House Nanyuki","Nanyuki Town, Nanyuki Municipality, Laikipia County, Rift Valley Province","https://www.javahouseafrica.com/","14024244","Restaurants","$$ - $$$","Café"
,,,,,,,,,,,,,,,,,,,,,,"Africa/Nairobi","1439","0","1439","0","1439","0","1439","0","1439","0","1439","0","1439","0",,,,,,,,,,,"African","Ethiopian",,,,,,,"Breakfast","Lunch","Dinner",,,,,,,"612348","Nanyuki Town","City",,"11550013","Nanyuki Municipality","Municipality",,"10501193","Laikipia County","County",,"2697619","Rift Valley Province","Province",,"294206","Kenya","Country","restaurant","32","https://www.tripadvisor.com/Restaurant_Review-g612348-d19421266-Reviews-Al_nusra_restaurant-Nanyuki_Town_Nanyuki_Municipality_Laikipia_County_Rift_Valle.html","RESTAURANT","1","0","0","2","2","alnusrarestaurant@gmail.com","4","Nanyuki Town","Kenya","10400",,"Lumumba",,,,"Breakfast","Lunch","Dinner",,,,,"https://media-cdn.tripadvisor.com/media/photo-o/1a/a2/a7/23/alnusra-restaurant.jpg","11","#23 of 43 places to eat in Nanyuki Town","Lumumba, Nanyuki Town, Nanyuki Municipality 10400 Kenya",,"+254 796 434315","","23","5","3.0495188236236572","Open Now","false","false","Al-nusra restaurant","Nanyuki Town, Nanyuki Municipality, Laikipia County, Rift Valley Province",,"19421266","Restaurants","$",
"Takeout","Free Wifi","Reservations","Buffet","Seating","Parking Available","Free off-street parking","Television","Highchairs Available","Wheelchair Accessible","Serves Alcohol","Full Bar","Wine and Beer","Accepts American Express","Accepts Mastercard","Accepts Visa","Accepts Discover","Accepts Credit Cards","Table Service","Outdoor Seating","Jazz Bar",,"Africa/Nairobi","1350","420","1350","420","1350","420","1350","420","1350","420","1350","420","1350","420",,,,,,,,,,"Located less than 2 km north of Nanyuki Town along the Meru road, Kongoni Camp presents a captivating setting against the awe-inspiring slopes of Mount Kenya. Surrounded by a rich variety of indigenous forest, including olive, cedar, and remnants of other tree species, the camp exudes a serene and tranquil atmosphere. Its unique and rustic charm sets it apart, offering guests a truly immersive experience in their natural surroundings.

Despite its close proximity to the town, Kongoni Camp has been thoughtfully designed to provide a deep connection with the environment. Whether you choose to dine, enjoy a cup of coffee, or stay in our accommodations, you will find yourself immersed in the untamed beauty of the wilderness, forging a special bond with the African bush.

Embrace the serenity and natural beauty of Kongoni Camp Nanyuki as you embark on an unforgettable journey in a truly enchanting environment. We welcome you to discover the magic of our hotel resort.","Bar","American","Indian","International","Vegetarian Friendly",,,,"Lunch","Breakfast","Dinner","Brunch","Drinks",,"37.088924","KES 1,482 - KES 7,412",,"612348","Nanyuki Town","City",,"11550013","Nanyuki Municipality","Municipality",,"10501193","Laikipia County","County",,"2697619","Rift Valley Province","Province",,"294206","Kenya","Country","restaurant","32","https://www.tripadvisor.com/Restaurant_Review-g612348-d2292090-Reviews-Kongoni_Camp-Nanyuki_Town_Nanyuki_Municipality_Laikipia_County_Rift_Valley_Provin.html","RESTAURANT","6","4","5","68","49","info@kongonicamp.com","4","Nanyuki Town","Kenya","10400",,"A2",,,"0.020161","Lunch","Breakfast","Dinner","Brunch","Drinks",,,"https://media-cdn.tripadvisor.com/media/photo-o/0d/24/b0/37/restaurant.jpg","41","#4 of 43 places to eat in Nanyuki Town","A2, Nanyuki Town, Nanyuki Municipality 10400 Kenya","http://www.kongonicamp.com/#menu-main-slide","+254 702 868888","","4","132","3.5119636058807373","Closed Now","false","false","Kongoni Camp","Nanyuki Town, Nanyuki Municipality, Laikipia County, Rift Valley Province","http://www.kongonicamp.com/","2292090","Restaurants","$$ - $$$","Sit down"
,,,,,,,,,,,,,,,,,,,,,,,,,,,,,,,,,,,,,,,,,,,,,,,"African",,,,,,,,,,,,,,"37.07223",,,"612348","Nanyuki Town","City",,"11550013","Nanyuki Municipality","Municipality",,"10501193","Laikipia County","County",,"2697619","Rift Valley Province","Province",,"294206","Kenya","Country","restaurant","32","https://www.tripadvisor.com/Restaurant_Review-g612348-d17378129-Reviews-Angiri_Camp-Nanyuki_Town_Nanyuki_Municipality_Laikipia_County_Rift_Valley_Provin.html","RESTAURANT","1","0","0","1","1",,"3.5","Nanyuki Town","Kenya",,,,,,"0.007442",,,,,,,,"https://media-cdn.tripadvisor.com/media/photo-m/1280/17/44/2b/a2/angiri-camp.jpg","3","#27 of 43 places to eat in Nanyuki Town","Nanyuki Town, Nanyuki Municipality Kenya",,"+254 729 272588","","27","3","3.027409315109253",,"false","false","Angiri Camp","Nanyuki Town, Nanyuki Municipality, Laikipia County, Rift Valley Province","https://www.facebook.com/Angiri-Camp-Nanyuki-234988770527874/","17378129","Restaurants",,
,,,,,,,,,,,,,,,,,,,,,,,,,,,,,,,,,,,,,,,,,,,,,,"Our restaurant is looked next to Nanyuki Airstrip on the highway. We are kid friendly, pet friendly and we also have a pool in the vacinity. We have a variety of food and drinks both alcoholic and non alcoholic. This a peaceful work friendly enviroment, having free WIFI offered to our customers. And if you'd like to hold a meeting frontier is the place. Our staff is friendly and well trained.","Mediterranean","Fusion",,,,,,,,,,,,,"37.044174","KES 74,118 - KES 133,412",,"612348","Nanyuki Town","City",,"11550013","Nanyuki Municipality","Municipality",,"10501193","Laikipia County","County",,"2697619","Rift Valley Province","Province",,"294206","Kenya","Country","restaurant","32","https://www.tripadvisor.com/Restaurant_Review-g612348-d19988475-Reviews-Frontiers_Coffee_Bar_Restaurant-Nanyuki_Town_Nanyuki_Municipality_Laikipia_Count.html","RESTAURANT","0","0","0","0","2","alphajn2000@gmail.com","5","Nanyuki Town","Kenya","10400",,"One Stop Shop",,,"-0.06255",,,,,,,,"https://media-cdn.tripadvisor.com/media/photo-m/1280/1c/a7/0b/41/a-nice-dinner-date-set.jpg","21","#21 of 43 places to eat in Nanyuki Town","One Stop Shop, Nanyuki Town, Nanyuki Municipality 10400 Kenya",,"+254 727 433069","","21","2","3.066129684448242",,"false","false","Frontiers Coffee Bar & Restaurant","Nanyuki Town, Nanyuki Municipality, Laikipia County, Rift Valley Province",,"19988475","Restaurants","$","Café"
"Delivery","Takeout","Outdoor Seating","Seating","Parking Available","Highchairs Available","Free Wifi",,,,,,,,,,,,,,,,,,,,,,,,,,,,,,,,,,,,,,,,,"African",,,,,,,,,,,,,,"37.072403",,,"612348","Nanyuki Town","City",,"11550013","Nanyuki Municipality","Municipality",,"10501193","Laikipia County","County",,"2697619","Rift Valley Province","Province",,"294206","Kenya","Country","restaurant",,"https://www.tripadvisor.com/Restaurant_Review-g612348-d26634645-Reviews-Gawanaz_Grill_Makutano-Nanyuki_Town_Nanyuki_Municipality_Laikipia_County_Rift_Va.html","RESTAURANT","0","0","0","0","0",,,"Nanyuki Town","Kenya",,,"Makutano Junction Nanyuki town",,,"0.004974",,,,,,,,,"0",,"Makutano Junction Nanyuki town, Nanyuki Town, Nanyuki Municipality Kenya",,"+254 726 005555","",,"0",,,"false","false","Gawanaz Grill Makutano","Nanyuki Town, Nanyuki Municipality, Laikipia County, Rift Valley Province",,"26634645","Restaurants",,
,,,,,,,,,,,,,,,,,,,,,,,,,,,,,,,,,,,,,,,,,,,,,,,"African",,,,,,,,,,,,,,"37.0745",,,"612348","Nanyuki Town","City",,"11550013","Nanyuki Municipality","Municipality",,"10501193","Laikipia County","County",,"2697619","Rift Valley Province","Province",,"294206","Kenya","Country","restaurant","32","https://www.tripadvisor.com/Restaurant_Review-g612348-d23142745-Reviews-Kazuri_the_Swahili_Restaurant_nanyuki-Nanyuki_Town_Nanyuki_Municipality_Laikipia.html","RESTAURANT","0","0","0","0","2",,"5","Nanyuki Town","Kenya","10400",,"Kimathi Road",,,"0.01173",,,,,,,,"https://media-cdn.tripadvisor.com/media/photo-m/1280/1c/a0/ff/cb/finger-licking-kuku-wa.jpg","3","#22 of 43 places to eat in Nanyuki Town","Kimathi Road, Nanyuki Town, Nanyuki Municipality 10400 Kenya",,"+254 714 652087","","22","2","3.0605087280273438",,"false","false","Kazuri -the Swahili Restaurant-nanyuki","Nanyuki Town, Nanyuki Municipality, Laikipia County, Rift Valley Province",,"23142745","Restaurants",,
"Serves Alcohol","Outdoor Seating","Seating",,,,,,,,,,,,,,,,,,,,,,,,,,,,,,,,,,,,,,,,,,,,,"Bar","African",,,,,,,"Breakfast","Lunch","Dinner",,,,"37.08283",,,"612348","Nanyuki Town","City",,"11550013","Nanyuki Municipality","Municipality",,"10501193","Laikipia County","County",,"2697619","Rift Valley Province","Province",,"294206","Kenya","Country","restaurant","32","https://www.tripadvisor.com/Restaurant_Review-g612348-d2651055-Reviews-Sportsman_s_Arms_Restaurant-Nanyuki_Town_Nanyuki_Municipality_Laikipia_County_Rif.html","RESTAURANT","8","7","12","10","6","info@sportsmansarmshotels.com","3","Nanyuki Town","Kenya","",,"","",,"0.014226","Breakfast","Lunch","Dinner",,,,,"https://media-cdn.tripadvisor.com/media/photo-o/17/ea/c7/0d/img-20190614-083024-1.jpg","8","#29 of 43 places to eat in Nanyuki Town","Nanyuki Town, Nanyuki Municipality Kenya",," +254 (62) 31448, 32347","","29","43","3.0088608264923096",,"false","false","Sportsman's Arms Restaurant","Nanyuki Town, Nanyuki Municipality, Laikipia County, Rift Valley Province","http://www.sportsmansarmshotels.com","2651055","Restaurants","$$ - $$$","Sit down"
"Delivery","Outdoor Seating","Seating","Parking Available","Free off-street parking","Highchairs Available","Full Bar","Digital Payments","Drive Thru","Gift Cards Available",,,,,,,,,,,,,"Africa/Nairobi","1230","720",,,"1230","720","1230","720","1230","720","1440","720","1440","720",,,,,,,,,,"Burritos, Tacos, Burgers and more from our food truck inside DownTown arts centre Nanyuki, Kenya. Find us by using the second gate to Sportsman's arms hotel, next to the bridge over Nanyuki river.","Mexican","American","African",,,,,,"Lunch","Dinner","Late Night",,,,"37.07223","KES 74,118 - KES 148,236",,"612348","Nanyuki Town","City",,"11550013","Nanyuki Municipality","Municipality",,"10501193","Laikipia County","County",,"2697619","Rift Valley Province","Province",,"294206","Kenya","Country","restaurant","32","https://www.tripadvisor.com/Restaurant_Review-g612348-d24170366-Reviews-Bara_Burritos_DownTown-Nanyuki_Town_Nanyuki_Municipality_Laikipia_County_Rift_Va.html","RESTAURANT","0","0","0","0","4","baraburritos@gmail.com","5","Nanyuki Town","Kenya","10400",,"Downtown Sportsman_s arms","Lenana Road",,"0.007441","Lunch","Dinner","Late Night",,,,,"https://media-cdn.tripadvisor.com/media/photo-m/1280/25/c4/08/be/burrito.jpg","15","#15 of 43 places to eat in Nanyuki Town","Downtown Sportsman_s arms Lenana Road, Nanyuki Town, Nanyuki Municipality 10400 Kenya",,"+254 759 674748","","15","4","3.1316215991973877","Closed Now","false","false","Bara Burritos @ DownTown","Nanyuki Town, Nanyuki Municipality, Laikipia County, Rift Valley Province","http://www.facebook.com/baraburritos/","24170366","Restaurants","$","Sit down"
"Reservations","Seating","Delivery","Takeout","Parking Available","Television","Serves Alcohol","Full Bar","Digital Payments","Free Wifi","Accepts Credit Cards","Table Service",,,,,,,,,,,"Africa/Nairobi","1380","570",,,"1380","570","1410","570","1410","570","1380","570","1380","570",,,,,,,,,,"Jib's provides a warmth, modern-rustic ambiance where one can find peace with having coffee and reading a book or catching up with friends over cocktails. Our 2-storey restaurant and bar emphasize the experience of homely dining with selection of authentic recipes of Italian pizza, continental breakfast, pastas, steaks, fish & chips and the original Indian cuisine which will be served soon.","Italian","Steakhouse","Indian","Pizza","International","Wine Bar",,,"Lunch","Breakfast","Dinner","Drinks",,,"37.076973","KES 593 - KES 2,965",,"612348","Nanyuki Town","City",,"11550013","Nanyuki Municipality","Municipality",,"10501193","Laikipia County","County",,"2697619","Rift Valley Province","Province",,"294206","Kenya","Country","restaurant","32","https://www.tripadvisor.com/Restaurant_Review-g612348-d17571909-Reviews-Jib_s_Cafe_Bistro-Nanyuki_Town_Nanyuki_Municipality_Laikipia_County_Rift_Valley_.html","RESTAURANT","0","1","2","2","17","jibsbistro@gmail.com","4.5","Nanyuki Town","Kenya","10400",,"Kenyatta Highway","P.O Box 24",,"0.012861","Lunch","Breakfast","Dinner","Drinks",,,,"https://media-cdn.tripadvisor.com/media/photo-o/17/e1/a2/ef/one-of-the-dining-area.jpg","32","#8 of 43 places to eat in Nanyuki Town","Kenyatta Highway P.O Box 24, Nanyuki Town, Nanyuki Municipality 10400 Kenya",,"254745063000","","8","22","3.3600189685821533","Closed Now","false","false","Jib's Cafe.Bistro","Nanyuki Town, Nanyuki Municipality, Laikipia County, Rift Valley Province","http://www.facebook.com/pg/jibscafe.bistro/about/","17571909","Restaurants","$","Café"
,,,,,,,,,,,,,,,,,,,,,,"Africa/Nairobi","1260","420",,,"1260","420","1260","420","1260","420","1260","420","1260","420",,,,,,,,,,"Lettuce Eat Nanyuki is an AmericaKenyan restaurant that takes pride in serving the best American and Kenyan dishes. We believe in big flavors and small prices. Come experience for yourself. We are serving breakfast, lunch, and dinner.","American","African",,,,,,,"Breakfast","Lunch","Dinner",,,,"37.073612",,,"612348","Nanyuki Town","City",,"11550013","Nanyuki Municipality","Municipality",,"10501193","Laikipia County","County",,"2697619","Rift Valley Province","Province",,"294206","Kenya","Country","restaurant",,"https://www.tripadvisor.com/Restaurant_Review-g612348-d24177023-Reviews-Lettuce_Eat_Nanyuki-Nanyuki_Town_Nanyuki_Municipality_Laikipia_County_Rift_Valle.html","RESTAURANT","0","0","0","0","0","lettuceat.nanyuki@gmail.com",,"Nanyuki Town","Kenya","10400",,"Benmwaki Tower House Irura Road",,,"0.010468","Breakfast","Lunch","Dinner",,,,,,"0",,"Benmwaki Tower House Irura Road, Nanyuki Town, Nanyuki Municipality 10400 Kenya",,"+254 713 694120","",,"0",,"Closed Now","false","false","Lettuce Eat Nanyuki","Nanyuki Town, Nanyuki Municipality, Laikipia County, Rift Valley Province","http://lettuce-eat-nanyuki.business.site","24177023","Restaurants",,
,,,,,,,,,,,,,,,,,,,,,,"Africa/Nairobi","1380","480","1380","480","1380","480","1380","480","1380","480","1380","480","1380","480",,,,,,,,,,"A Modern Afro-fused Mediterranean Restaurant with an outdoor terrace and upstairs bar","African","Bar","Pizza","Mediterranean","Pub","Fusion",,,"Breakfast","Lunch","Dinner",,,,"37.07859",,,"612348","Nanyuki Town","City",,"11550013","Nanyuki Municipality","Municipality",,"10501193","Laikipia County","County",,"2697619","Rift Valley Province","Province",,"294206","Kenya","Country","restaurant","32","https://www.tripadvisor.com/Restaurant_Review-g612348-d23900673-Reviews-Nika_Lounge_Nanyuki-Nanyuki_Town_Nanyuki_Municipality_Laikipia_County_Rift_Valle.html","RESTAURANT","0","0","0","0","1","dennismbaluto@yahoo.com","5","Nanyuki Town","Kenya","10400",,"Makutano Nanyuki, Along Nanyuki Timau Road, 2km Of",,,"0.01481","Breakfast","Lunch","Dinner",,,,,"https://media-cdn.tripadvisor.com/media/photo-m/1280/22/30/3e/8a/the-diamond-of-laikipia.jpg","16","#25 of 43 places to eat in Nanyuki Town","Makutano Nanyuki, Along Nanyuki Timau Road, 2km Of, Nanyuki Town, Nanyuki Municipality 10400 Kenya",,"+254 713 992020","","25","1","3.0416886806488037","Closed Now","false","false","Nika Lounge Nanyuki","Nanyuki Town, Nanyuki Municipality, Laikipia County, Rift Valley Province","http://nikalounge.business.site/?utm_source=gmb&utm_medium=referral","23900673","Restaurants",,
